playername,season,team,league,gp_regular,g_regular,a_regular,tp_regular,pim_regular,+/-_regular,post,gp_post,g_post,a_post,tp_post,pim_post,+/-_post
Jaromír Jágr,84-85,Rytiri Kladno U18,Czechoslovakia U18,34,24,17,41,-,-,,,,,,,
Jaromír Jágr,85-86,Rytiri Kladno U18,Czechoslovakia U18,36,41,29,70,-,-,,,,,,,
Jaromír Jágr,86-87,Rytiri Kladno U20,Czechoslovakia U20,30,35,35,70,-,-,,,,,,,
Jaromír Jágr,87-88,Rytiri Kladno U20,Czechoslovakia U20,35,57,27,84,-,-,,,,,,,
Jaromír Jágr,88-89,TJ Kladno,Czechoslovakia,29,3,3,6,4,5,Relegation,10,5,7,12,0,4
Jaromír Jágr,,Czechoslovakia U18,EJC-18,5,8,4,12,2,-,,,,,,,
Jaromír Jágr,89-90,TJ Kladno,Czechoslovakia,42,22,28,50,14,9,Playoffs,9,8,2,10,4,4
Jaromír Jágr,,Czechoslovakia U20,WJC-20,7,5,13,18,6,-,,,,,,,
Jaromír Jágr,,Czechoslovakia,WC,10,3,2,5,2,-,,,,,,,
Jaromír Jágr,,Czechoslovakia (all),International,16,4,-,-,-,-,,,,,,,
Jaromír Jágr,,Czechoslovakia (all),International,16,4,-,-,-,-,,,,,,,
Jaromír Jágr,90-91,Pittsburgh Penguins,NHL,80,27,30,57,42,-4,Playoffs,24,3,10,13,6,2
Jaromír Jágr,91-92,Pittsburgh Penguins,NHL,70,32,37,69,34,13,Playoffs,21,11,13,24,6,4
Jaromír Jágr,,Czechoslovakia,CC,5,1,0,1,0,-3,,,,,,,
Jaromír Jágr,,Czechoslovakia (all),International,7,2,-,-,-,-,,,,,,,
Jaromír Jágr,,Czechoslovakia (all),International,7,2,-,-,-,-,,,,,,,
Jaromír Jágr,92-93,Pittsburgh Penguins,NHL,81,34,60,94,61,30,Playoffs,12,5,4,9,23,3
Jaromír Jágr,93-94,Pittsburgh Penguins,NHL,80,32,67,99,61,15,Playoffs,6,2,4,6,16,-3
Jaromír Jágr,,Czechia,WC,3,0,2,2,2,-1,,,,,,,
Jaromír Jágr,,Czechia,WC,3,0,2,2,2,-1,,,,,,,
Jaromír Jágr,,Czechia (all),International,3,0,2,2,2,-,,,,,,,
Jaromír Jágr,,Czechia (all),International,3,0,2,2,2,-,,,,,,,
Jaromír Jágr,,Czechia (all),International,3,0,2,2,2,-,,,,,,,
Jaromír Jágr,,Czechia (all),International,3,0,2,2,2,-,,,,,,,
Jaromír Jágr,,Czechia (all),International,3,0,2,2,2,-,,,,,,,
Jaromír Jágr,,Czechia (all),International,3,0,2,2,2,-,,,,,,,
Jaromír Jágr,,Czechia (all),International,3,0,2,2,2,-,,,,,,,
Jaromír Jágr,,Czechia (all),International,3,0,2,2,2,-,,,,,,,
Jaromír Jágr,,Czechia (all),International,3,0,2,2,2,-,,,,,,,
Jaromír Jágr,,Czechia (all),International,3,0,2,2,2,-,,,,,,,
Jaromír Jágr,,Czechia (all),International,3,0,2,2,2,-,,,,,,,
Jaromír Jágr,,Czechia (all),International,3,0,2,2,2,-,,,,,,,
Jaromír Jágr,94-95,HC KladnoLockout,Czechia,11,8,14,22,10,12,,,,,,,
Jaromír Jágr,,HC BolzanoLockout,Alpenliga,5,8,8,16,4,-,,,,,,,
Jaromír Jágr,,Schalker Haie 87Lockout,Germany2,1,1,10,11,0,-,,,,,,,
Jaromír Jágr,,Pittsburgh Penguins,NHL,48,32,38,70,37,23,Playoffs,12,10,5,15,6,3
Jaromír Jágr,95-96,"Pittsburgh Penguins""A""",NHL,82,62,87,149,96,31,Playoffs,18,11,12,23,18,7
Jaromír Jágr,,Czechia (all),International,3,1,0,1,2,-,,,,,,,
Jaromír Jágr,,Czechia (all),International,3,1,0,1,2,-,,,,,,,
Jaromír Jágr,,Czechia (all),International,3,1,0,1,2,-,,,,,,,
Jaromír Jágr,,Czechia (all),International,3,1,0,1,2,-,,,,,,,
Jaromír Jágr,,Czechia (all),International,3,1,0,1,2,-,,,,,,,
Jaromír Jágr,,Czechia (all),International,3,1,0,1,2,-,,,,,,,
Jaromír Jágr,,Czechia (all),International,3,1,0,1,2,-,,,,,,,
Jaromír Jágr,,Czechia (all),International,3,1,0,1,2,-,,,,,,,
Jaromír Jágr,,Czechia (all),International,3,1,0,1,2,-,,,,,,,
Jaromír Jágr,,Czechia (all),International,3,1,0,1,2,-,,,,,,,
Jaromír Jágr,,Czechia (all),International,3,1,0,1,2,-,,,,,,,
Jaromír Jágr,,Czechia (all),International,3,1,0,1,2,-,,,,,,,
Jaromír Jágr,96-97,"Pittsburgh Penguins""A""",NHL,63,47,48,95,40,22,Playoffs,5,4,4,8,4,-4
Jaromír Jágr,,"Czechia""A""",WCup,3,1,0,1,2,-4,,,,,,,
Jaromír Jágr,97-98,"Pittsburgh Penguins""A""",NHL,77,35,67,102,64,17,Playoffs,6,4,5,9,2,5
Jaromír Jágr,,"Czechia""A""",OG,6,1,4,5,2,3,,,,,,,
Jaromír Jágr,,"Czechia""A""",OG,6,1,4,5,2,3,,,,,,,
Jaromír Jágr,,"Czechia""A""",OG,6,1,4,5,2,3,,,,,,,
Jaromír Jágr,,Czechia (all),International,6,1,4,5,2,-,,,,,,,
Jaromír Jágr,,Czechia (all),International,6,1,4,5,2,-,,,,,,,
Jaromír Jágr,,Czechia (all),International,6,1,4,5,2,-,,,,,,,
Jaromír Jágr,,Czechia (all),International,6,1,4,5,2,-,,,,,,,
Jaromír Jágr,,Czechia (all),International,6,1,4,5,2,-,,,,,,,
Jaromír Jágr,,Czechia (all),International,6,1,4,5,2,-,,,,,,,
Jaromír Jágr,,Czechia (all),International,6,1,4,5,2,-,,,,,,,
Jaromír Jágr,,Czechia (all),International,6,1,4,5,2,-,,,,,,,
Jaromír Jágr,,Czechia (all),International,6,1,4,5,2,-,,,,,,,
Jaromír Jágr,,Czechia (all),International,6,1,4,5,2,-,,,,,,,
Jaromír Jágr,,Czechia (all),International,6,1,4,5,2,-,,,,,,,
Jaromír Jágr,,Czechia (all),International,6,1,4,5,2,-,,,,,,,
Jaromír Jágr,98-99,"Pittsburgh Penguins""C""",NHL,81,44,83,127,66,17,Playoffs,9,5,7,12,16,1
Jaromír Jágr,99-00,"Pittsburgh Penguins""C""",NHL,63,42,54,96,50,25,Playoffs,11,8,8,16,6,5
Jaromír Jágr,00-01,"Pittsburgh Penguins""C""",NHL,81,52,69,121,42,19,Playoffs,16,2,10,12,18,4
Jaromír Jágr,01-02,"Washington Capitals""A""",NHL,69,31,48,79,30,0,,,,,,,
Jaromír Jágr,,"Czechia""C""",OG,4,2,3,5,4,3,,,,,,,
Jaromír Jágr,,"Czechia""C""",WC,7,4,4,8,2,5,,,,,,,
Jaromír Jágr,,Czechia (all),International,13,6,8,14,8,10,,,,,,,
Jaromír Jágr,,Czechia (all),International,13,6,8,14,8,10,,,,,,,
Jaromír Jágr,,Czechia (all),International,13,6,8,14,8,10,,,,,,,
Jaromír Jágr,,Czechia (all),International,13,6,8,14,8,10,,,,,,,
Jaromír Jágr,,Czechia (all),International,13,6,8,14,8,10,,,,,,,
Jaromír Jágr,,Czechia (all),International,13,6,8,14,8,10,,,,,,,
Jaromír Jágr,,Czechia (all),International,13,6,8,14,8,10,,,,,,,
Jaromír Jágr,,Czechia (all),International,13,6,8,14,8,10,,,,,,,
Jaromír Jágr,,Czechia (all),International,13,6,8,14,8,10,,,,,,,
Jaromír Jágr,,Czechia (all),International,13,6,8,14,8,10,,,,,,,
Jaromír Jágr,,Czechia (all),International,13,6,8,14,8,10,,,,,,,
Jaromír Jágr,,Czechia (all),International,13,6,8,14,8,10,,,,,,,
Jaromír Jágr,02-03,"Washington Capitals""A""",NHL,75,36,41,77,38,5,Playoffs,6,2,5,7,2,2
Jaromír Jágr,03-04,"Washington Capitals""A""",NHL,46,16,29,45,26,-4,,,,,,,
Jaromír Jágr,,New York Rangers,NHL,31,15,14,29,12,-1,,,,,,,
Jaromír Jágr,,Czechia,WC,7,5,4,9,6,2,,,,,,,
Jaromír Jágr,,Czechia,WC,7,5,4,9,6,2,,,,,,,
Jaromír Jágr,,Czechia (all),International,15,6,6,12,10,-,,,,,,,
Jaromír Jágr,,Czechia (all),International,15,6,6,12,10,-,,,,,,,
Jaromír Jágr,,Czechia (all),International,15,6,6,12,10,-,,,,,,,
Jaromír Jágr,,Czechia (all),International,15,6,6,12,10,-,,,,,,,
Jaromír Jágr,,Czechia (all),International,15,6,6,12,10,-,,,,,,,
Jaromír Jágr,,Czechia (all),International,15,6,6,12,10,-,,,,,,,
Jaromír Jágr,,Czechia (all),International,15,6,6,12,10,-,,,,,,,
Jaromír Jágr,,Czechia (all),International,15,6,6,12,10,-,,,,,,,
Jaromír Jágr,,Czechia (all),International,15,6,6,12,10,-,,,,,,,
Jaromír Jágr,,Czechia (all),International,15,6,6,12,10,-,,,,,,,
Jaromír Jágr,,Czechia (all),International,15,6,6,12,10,-,,,,,,,
Jaromír Jágr,,Czechia (all),International,15,6,6,12,10,-,,,,,,,
Jaromír Jágr,04-05,HC KladnoLockout,Czechia,17,11,17,28,16,7,,,,,,,
Jaromír Jágr,,Avangard OmskLockout,Russia,32,16,22,38,63,3,Playoffs,11,4,10,14,22,-5
Jaromír Jágr,,Czechia,WCup,5,1,1,2,2,1,,,,,,,
Jaromír Jágr,,"Czechia""A""",WC,8,2,7,9,2,4,,,,,,,
Jaromír Jágr,,"Czechia""A""",WC,8,2,7,9,2,4,,,,,,,
Jaromír Jágr,,"Czechia""A""",WC,8,2,7,9,2,4,,,,,,,
Jaromír Jágr,,"Czechia""A""",WC,8,2,7,9,2,4,,,,,,,
Jaromír Jágr,,"Czechia""A""",WC,8,2,7,9,2,4,,,,,,,
Jaromír Jágr,,"Czechia""A""",WC,8,2,7,9,2,4,,,,,,,
Jaromír Jágr,,Czechia (all),International,12,3,7,10,8,-,,,,,,,
Jaromír Jágr,,Czechia (all),International,12,3,7,10,8,-,,,,,,,
Jaromír Jágr,,Czechia (all),International,12,3,7,10,8,-,,,,,,,
Jaromír Jágr,,Czechia (all),International,12,3,7,10,8,-,,,,,,,
Jaromír Jágr,,Czechia (all),International,12,3,7,10,8,-,,,,,,,
Jaromír Jágr,,Czechia (all),International,12,3,7,10,8,-,,,,,,,
Jaromír Jágr,,Czechia (all),International,12,3,7,10,8,-,,,,,,,
Jaromír Jágr,,Czechia (all),International,12,3,7,10,8,-,,,,,,,
Jaromír Jágr,,Czechia (all),International,12,3,7,10,8,-,,,,,,,
Jaromír Jágr,,Czechia (all),International,12,3,7,10,8,-,,,,,,,
Jaromír Jágr,,Czechia (all),International,12,3,7,10,8,-,,,,,,,
Jaromír Jágr,,Czechia (all),International,12,3,7,10,8,-,,,,,,,
Jaromír Jágr,05-06,"New York Rangers""A""",NHL,82,54,69,123,72,34,Playoffs,3,0,1,1,0,0
Jaromír Jágr,,Czechia,OG,8,2,5,7,6,1,,,,,,,
Jaromír Jágr,,Czechia (all),International,8,2,5,7,6,1,,,,,,,
Jaromír Jágr,,Czechia (all),International,8,2,5,7,6,1,,,,,,,
Jaromír Jágr,,Czechia (all),International,8,2,5,7,6,1,,,,,,,
Jaromír Jágr,,Czechia (all),International,8,2,5,7,6,1,,,,,,,
Jaromír Jágr,,Czechia (all),International,8,2,5,7,6,1,,,,,,,
Jaromír Jágr,,Czechia (all),International,8,2,5,7,6,1,,,,,,,
Jaromír Jágr,,Czechia (all),International,8,2,5,7,6,1,,,,,,,
Jaromír Jágr,,Czechia (all),International,8,2,5,7,6,1,,,,,,,
Jaromír Jágr,,Czechia (all),International,8,2,5,7,6,1,,,,,,,
Jaromír Jágr,,Czechia (all),International,8,2,5,7,6,1,,,,,,,
Jaromír Jágr,,Czechia (all),International,8,2,5,7,6,1,,,,,,,
Jaromír Jágr,,Czechia (all),International,8,2,5,7,6,1,,,,,,,
Jaromír Jágr,06-07,"New York Rangers""C""",NHL,82,30,66,96,78,26,Playoffs,10,5,6,11,12,6
Jaromír Jágr,07-08,"New York Rangers""C""",NHL,82,25,46,71,58,8,Playoffs,10,5,10,15,12,3
Jaromír Jágr,08-09,"Avangard Omsk""C""",KHL,55,25,28,53,62,-1,Playoffs,9,4,5,9,4,2
Jaromír Jágr,,"Czechia""A""",WC,7,3,6,9,6,4,,,,,,,
Jaromír Jágr,,"Czechia""A""",WC,7,3,6,9,6,4,,,,,,,
Jaromír Jágr,,"Czechia""A""",WC,7,3,6,9,6,4,,,,,,,
Jaromír Jágr,,"Czechia""A""",WC,7,3,6,9,6,4,,,,,,,
Jaromír Jágr,,"Czechia""A""",WC,7,3,6,9,6,4,,,,,,,
Jaromír Jágr,,"Czechia""A""",WC,7,3,6,9,6,4,,,,,,,
Jaromír Jágr,,Czechia (all),International,11,5,10,15,6,0,,,,,,,
Jaromír Jágr,,Czechia (all),International,11,5,10,15,6,0,,,,,,,
Jaromír Jágr,,Czechia (all),International,11,5,10,15,6,0,,,,,,,
Jaromír Jágr,,Czechia (all),International,11,5,10,15,6,0,,,,,,,
Jaromír Jágr,,Czechia (all),International,11,5,10,15,6,0,,,,,,,
Jaromír Jágr,,Czechia (all),International,11,5,10,15,6,0,,,,,,,
Jaromír Jágr,,Czechia (all),International,11,5,10,15,6,0,,,,,,,
Jaromír Jágr,,Czechia (all),International,11,5,10,15,6,0,,,,,,,
Jaromír Jágr,,Czechia (all),International,11,5,10,15,6,0,,,,,,,
Jaromír Jágr,,Czechia (all),International,11,5,10,15,6,0,,,,,,,
Jaromír Jágr,,Czechia (all),International,11,5,10,15,6,0,,,,,,,
Jaromír Jágr,,Czechia (all),International,11,5,10,15,6,0,,,,,,,
Jaromír Jágr,09-10,"Avangard Omsk""C""",KHL,51,22,20,42,50,19,Playoffs,3,1,1,2,0,-2
Jaromír Jágr,,"Czechia""A""",OG,5,2,1,3,6,-1,,,,,,,
Jaromír Jágr,,"Czechia""A""",OG,5,2,1,3,6,-1,,,,,,,
Jaromír Jágr,,"Czechia""A""",OG,5,2,1,3,6,-1,,,,,,,
Jaromír Jágr,,"Czechia""A""",WC,9,3,4,7,12,1,,,,,,,
Jaromír Jágr,,"Czechia""A""",WC,9,3,4,7,12,1,,,,,,,
Jaromír Jágr,,"Czechia""A""",WC,9,3,4,7,12,1,,,,,,,
Jaromír Jágr,,"Czechia""A""",WC,9,3,4,7,12,1,,,,,,,
Jaromír Jágr,,"Czechia""A""",WC,9,3,4,7,12,1,,,,,,,
Jaromír Jágr,,"Czechia""A""",WC,9,3,4,7,12,1,,,,,,,
Jaromír Jágr,,Czechia (all),International,18,6,9,15,22,-,,,,,,,
Jaromír Jágr,,Czechia (all),International,18,6,9,15,22,-,,,,,,,
Jaromír Jágr,,Czechia (all),International,18,6,9,15,22,-,,,,,,,
Jaromír Jágr,,Czechia (all),International,18,6,9,15,22,-,,,,,,,
Jaromír Jágr,,Czechia (all),International,18,6,9,15,22,-,,,,,,,
Jaromír Jágr,,Czechia (all),International,18,6,9,15,22,-,,,,,,,
Jaromír Jágr,,Czechia (all),International,18,6,9,15,22,-,,,,,,,
Jaromír Jágr,,Czechia (all),International,18,6,9,15,22,-,,,,,,,
Jaromír Jágr,,Czechia (all),International,18,6,9,15,22,-,,,,,,,
Jaromír Jágr,,Czechia (all),International,18,6,9,15,22,-,,,,,,,
Jaromír Jágr,,Czechia (all),International,18,6,9,15,22,-,,,,,,,
Jaromír Jágr,,Czechia (all),International,18,6,9,15,22,-,,,,,,,
Jaromír Jágr,10-11,"Avangard Omsk""C""",KHL,49,19,31,50,48,6,Playoffs,14,2,7,9,8,-3
Jaromír Jágr,,"Czechia""A""",WC,9,5,4,9,4,5,,,,,,,
Jaromír Jágr,,"Czechia""A""",WC,9,5,4,9,4,5,,,,,,,
Jaromír Jágr,,"Czechia""A""",WC,9,5,4,9,4,5,,,,,,,
Jaromír Jágr,,"Czechia""A""",WC,9,5,4,9,4,5,,,,,,,
Jaromír Jágr,,"Czechia""A""",WC,9,5,4,9,4,5,,,,,,,
Jaromír Jágr,,"Czechia""A""",WC,9,5,4,9,4,5,,,,,,,
Jaromír Jágr,,Czechia (all),International,13,7,8,15,6,-1,,,,,,,
Jaromír Jágr,,Czechia (all),International,13,7,8,15,6,-1,,,,,,,
Jaromír Jágr,,Czechia (all),International,13,7,8,15,6,-1,,,,,,,
Jaromír Jágr,,Czechia (all),International,13,7,8,15,6,-1,,,,,,,
Jaromír Jágr,,Czechia (all),International,13,7,8,15,6,-1,,,,,,,
Jaromír Jágr,,Czechia (all),International,13,7,8,15,6,-1,,,,,,,
Jaromír Jágr,,Czechia (all),International,13,7,8,15,6,-1,,,,,,,
Jaromír Jágr,,Czechia (all),International,13,7,8,15,6,-1,,,,,,,
Jaromír Jágr,,Czechia (all),International,13,7,8,15,6,-1,,,,,,,
Jaromír Jágr,,Czechia (all),International,13,7,8,15,6,-1,,,,,,,
Jaromír Jágr,,Czechia (all),International,13,7,8,15,6,-1,,,,,,,
Jaromír Jágr,,Czechia (all),International,13,7,8,15,6,-1,,,,,,,
Jaromír Jágr,11-12,"Philadelphia Flyers""A""",NHL,73,19,35,54,30,5,Playoffs,11,1,7,8,2,-5
Jaromír Jágr,12-13,Rytíři KladnoLockout,Czechia,34,24,33,57,28,24,,,,,,,
Jaromír Jágr,,Dallas Stars,NHL,34,14,12,26,20,-5,,,,,,,
Jaromír Jágr,,Boston Bruins,NHL,11,2,7,9,2,3,Playoffs,22,0,10,10,8,-1
Jaromír Jágr,13-14,"New Jersey Devils""A""",NHL,82,24,43,67,46,16,,,,,,,
Jaromír Jágr,,"Czechia""A""",OG,5,2,1,3,2,1,,,,,,,
Jaromír Jágr,,"Czechia""A""",OG,5,2,1,3,2,1,,,,,,,
Jaromír Jágr,,"Czechia""A""",OG,5,2,1,3,2,1,,,,,,,
Jaromír Jágr,,"Czechia""A""",WC,10,4,4,8,14,-2,,,,,,,
Jaromír Jágr,,"Czechia""A""",WC,10,4,4,8,14,-2,,,,,,,
Jaromír Jágr,,"Czechia""A""",WC,10,4,4,8,14,-2,,,,,,,
Jaromír Jágr,,"Czechia""A""",WC,10,4,4,8,14,-2,,,,,,,
Jaromír Jágr,,"Czechia""A""",WC,10,4,4,8,14,-2,,,,,,,
Jaromír Jágr,,"Czechia""A""",WC,10,4,4,8,14,-2,,,,,,,
Jaromír Jágr,,Czechia (all),International,18,6,6,12,16,-1,,,,,,,
Jaromír Jágr,,Czechia (all),International,18,6,6,12,16,-1,,,,,,,
Jaromír Jágr,,Czechia (all),International,18,6,6,12,16,-1,,,,,,,
Jaromír Jágr,,Czechia (all),International,18,6,6,12,16,-1,,,,,,,
Jaromír Jágr,,Czechia (all),International,18,6,6,12,16,-1,,,,,,,
Jaromír Jágr,,Czechia (all),International,18,6,6,12,16,-1,,,,,,,
Jaromír Jágr,,Czechia (all),International,18,6,6,12,16,-1,,,,,,,
Jaromír Jágr,,Czechia (all),International,18,6,6,12,16,-1,,,,,,,
Jaromír Jágr,,Czechia (all),International,18,6,6,12,16,-1,,,,,,,
Jaromír Jágr,,Czechia (all),International,18,6,6,12,16,-1,,,,,,,
Jaromír Jágr,,Czechia (all),International,18,6,6,12,16,-1,,,,,,,
Jaromír Jágr,,Czechia (all),International,18,6,6,12,16,-1,,,,,,,
Jaromír Jágr,14-15,New Jersey Devils,NHL,57,11,18,29,42,-10,,,,,,,
Jaromír Jágr,,Florida Panthers,NHL,20,6,12,18,6,7,,,,,,,
Jaromír Jágr,,"Czechia""A""",WC,10,6,3,9,8,0,,,,,,,
Jaromír Jágr,,"Czechia""A""",WC,10,6,3,9,8,0,,,,,,,
Jaromír Jágr,,"Czechia""A""",WC,10,6,3,9,8,0,,,,,,,
Jaromír Jágr,,"Czechia""A""",WC,10,6,3,9,8,0,,,,,,,
Jaromír Jágr,,"Czechia""A""",WC,10,6,3,9,8,0,,,,,,,
Jaromír Jágr,,"Czechia""A""",WC,10,6,3,9,8,0,,,,,,,
Jaromír Jágr,,Czechia (all),International,11,6,3,9,8,0,,,,,,,
Jaromír Jágr,,Czechia (all),International,11,6,3,9,8,0,,,,,,,
Jaromír Jágr,,Czechia (all),International,11,6,3,9,8,0,,,,,,,
Jaromír Jágr,,Czechia (all),International,11,6,3,9,8,0,,,,,,,
Jaromír Jágr,,Czechia (all),International,11,6,3,9,8,0,,,,,,,
Jaromír Jágr,,Czechia (all),International,11,6,3,9,8,0,,,,,,,
Jaromír Jágr,,Czechia (all),International,11,6,3,9,8,0,,,,,,,
Jaromír Jágr,,Czechia (all),International,11,6,3,9,8,0,,,,,,,
Jaromír Jágr,,Czechia (all),International,11,6,3,9,8,0,,,,,,,
Jaromír Jágr,,Czechia (all),International,11,6,3,9,8,0,,,,,,,
Jaromír Jágr,,Czechia (all),International,11,6,3,9,8,0,,,,,,,
Jaromír Jágr,,Czechia (all),International,11,6,3,9,8,0,,,,,,,
Jaromír Jágr,15-16,Florida Panthers,NHL,79,27,39,66,48,23,Playoffs,6,0,2,2,4,-2
Jaromír Jágr,16-17,Florida Panthers,NHL,82,16,30,46,56,2,,,,,,,
Jaromír Jágr,17-18,Calgary Flames,NHL,22,1,6,7,10,6,,,,,,,
Jaromír Jágr,,Rytíři KladnoLoan,Czechia2,5,0,4,4,0,4,Playoffs,10,0,0,0,0,0
Jaromír Jágr,18-19,"Rytíři Kladno""A""",Czechia2,4,1,3,4,4,0,Playoffs,8,2,3,5,16,-3
Jaromír Jágr,,"Rytíři Kladno""A""",Czechia Q,-,-,-,-,-,-,Qualification,11,10,3,13,4,7
Jaromír Jágr,19-20,Rytíři Kladno,Czechia,38,15,14,29,28,-10,,,,,,,
Jaromír Jágr,20-21,Rytíři Kladno,Czechia2,19,2,10,12,8,11,Playoffs,16,2,8,10,8,6
Jaromír Jágr,21-22,Rytíři Kladno,Czechia,43,8,11,19,20,4,,,,,,,
Jaromír Jágr,,Rytíři Kladno,Czechia Q,-,-,-,-,-,-,Qualification,5,0,2,2,0,1
Jaromír Jágr,,Rytíři Kladno,Czechia Q,-,-,-,-,-,-,Qualification,4,0,0,0,2,0
Jaromír Jágr,,Rytíři Kladno,Czechia Q,-,-,-,-,-,-,Qualification,3,1,1,2,0,1
Jaromír Jágr,22-23,Rytíři Kladno,Czechia,26,5,9,14,16,0,,,,,,,
Jaromír Jágr,,Rytíři Kladno,Czechia Q,-,-,-,-,-,-,Qualification,5,0,2,2,0,1
Jaromír Jágr,,Rytíři Kladno,Czechia Q,-,-,-,-,-,-,Qualification,4,0,0,0,2,0
Jaromír Jágr,,Rytíři Kladno,Czechia Q,-,-,-,-,-,-,Qualification,3,1,1,2,0,1
Jaromír Jágr,23-24,Rytíři Kladno,Czechia,15,0,4,4,10,-4,,,,,,,
Jaromír Jágr,,Rytíři Kladno,Czechia Q,-,-,-,-,-,-,Qualification,5,0,2,2,0,1
Jaromír Jágr,,Rytíři Kladno,Czechia Q,-,-,-,-,-,-,Qualification,4,0,0,0,2,0
Jaromír Jágr,,Rytíři Kladno,Czechia Q,-,-,-,-,-,-,Qualification,3,1,1,2,0,1
Jaromír Jágr,24-25,Rytíři Kladno,Czechia,39,5,11,16,16,-2,,,,,,,
Joe Sakic,85-86,Burnaby Hawks U18 AAA,U18 AAA,80,83,73,156,96,-,,,,,,,
Joe Sakic,,Lethbridge Broncos,WHL,3,0,0,0,0,-,,,,,,,
Joe Sakic,,Canada Pacific U17,WHC-17,-,-,-,-,-,-,,,,,,,
Joe Sakic,86-87,Swift Current Broncos,WHL,72,60,73,133,31,-,Playoffs,4,0,1,1,0,-
Joe Sakic,,Team Canada,International,1,0,0,0,0,-,,,,,,,
Joe Sakic,87-88,Swift Current Broncos,WHL,64,78,82,160,64,-,Playoffs,10,11,13,24,12,-
Joe Sakic,,Canada U20,WJC-20,7,3,1,4,2,-,,,,,,,
Joe Sakic,88-89,Québec Nordiques,NHL,70,23,39,62,24,-36,,,,,,,
Joe Sakic,89-90,Québec Nordiques,NHL,80,39,63,102,27,-40,,,,,,,
Joe Sakic,90-91,"Québec Nordiques""C""",NHL,80,48,61,109,24,-26,,,,,,,
Joe Sakic,,Canada,WC,10,6,5,11,0,-,,,,,,,
Joe Sakic,,Canada,WC,10,6,5,11,0,-,,,,,,,
Joe Sakic,91-92,"Québec Nordiques""A""",NHL,69,29,65,94,20,5,,,,,,,
Joe Sakic,92-93,"Québec Nordiques""C""",NHL,78,48,57,105,40,-3,Playoffs,6,3,3,6,2,-3
Joe Sakic,93-94,"Québec Nordiques""C""",NHL,84,28,64,92,18,-8,,,,,,,
Joe Sakic,,Canada,WC,8,4,3,7,0,6,,,,,,,
Joe Sakic,,Canada,WC,8,4,3,7,0,6,,,,,,,
Joe Sakic,94-95,"Québec Nordiques""C""",NHL,47,19,43,62,30,7,Playoffs,6,4,1,5,0,-4
Joe Sakic,95-96,"Colorado Avalanche""C""",NHL,82,51,69,120,44,14,Playoffs,22,18,16,34,14,10
Joe Sakic,96-97,"Colorado Avalanche""C""",NHL,65,22,52,74,34,-10,Playoffs,17,8,17,25,14,5
Joe Sakic,,Canada,WCup,8,2,2,4,6,-1,,,,,,,
Joe Sakic,97-98,"Colorado Avalanche""C""",NHL,64,27,36,63,50,0,Playoffs,6,2,3,5,6,0
Joe Sakic,,"Canada""A""",OG,4,1,2,3,4,2,,,,,,,
Joe Sakic,,"Canada""A""",OG,4,1,2,3,4,2,,,,,,,
Joe Sakic,98-99,"Colorado Avalanche""C""",NHL,73,41,55,96,29,23,Playoffs,19,6,13,19,8,-2
Joe Sakic,99-00,"Colorado Avalanche""C""",NHL,60,28,53,81,28,30,Playoffs,17,2,7,9,8,-5
Joe Sakic,00-01,"Colorado Avalanche""C""",NHL,82,54,64,118,30,45,Playoffs,21,13,13,26,6,6
Joe Sakic,01-02,"Colorado Avalanche""C""",NHL,82,26,53,79,18,12,Playoffs,21,9,10,19,4,-2
Joe Sakic,,"Canada""A""",OG,6,4,3,7,0,6,,,,,,,
Joe Sakic,,"Canada""A""",OG,6,4,3,7,0,6,,,,,,,
Joe Sakic,02-03,"Colorado Avalanche""C""",NHL,58,26,32,58,24,4,Playoffs,7,6,3,9,2,1
Joe Sakic,03-04,"Colorado Avalanche""C""",NHL,81,33,54,87,42,11,Playoffs,11,7,5,12,8,0
Joe Sakic,04-05,"Canada""A""",WCup,6,4,2,6,2,4,,,,,,,
Joe Sakic,05-06,"Colorado Avalanche""C""",NHL,82,32,55,87,60,10,Playoffs,9,4,5,9,6,-1
Joe Sakic,,"Canada""C""",OG,6,1,2,3,0,-1,,,,,,,
Joe Sakic,06-07,"Colorado Avalanche""C""",NHL,82,36,64,100,46,2,,,,,,,
Joe Sakic,07-08,"Colorado Avalanche""C""",NHL,44,13,27,40,20,-4,Playoffs,10,2,8,10,0,-7
Joe Sakic,08-09,"Colorado Avalanche""C""",NHL,15,2,10,12,6,-6,,,,,,,
Patrik Elias,92-93,HC Kladno,Czechoslovakia,2,0,0,0,0,0,,,,,,,
Patrik Elias,93-94,HC Kladno,Czechia,17,1,2,3,0,-1,Playoffs,11,2,2,4,2,3
Patrik Elias,,Czechia U18,EJC-18,5,2,5,7,2,5,,,,,,,
Patrik Elias,94-95,HC Kladno,Czechia,28,4,3,7,37,-4,Playoffs,7,1,2,3,14,0
Patrik Elias,95-96,New Jersey Devils,NHL,1,0,0,0,0,-1,,,,,,,
Patrik Elias,,Albany River Rats,AHL,74,27,36,63,83,17,Playoffs,4,1,1,2,2,1
Patrik Elias,,Albany River Rats,AHL,74,27,36,63,83,17,Playoffs,6,1,2,3,8,2
Patrik Elias,,Albany River Rats,AHL,74,27,36,63,83,17,,,,,,,
Patrik Elias,96-97,New Jersey Devils,NHL,17,2,3,5,2,-4,Playoffs,8,2,3,5,4,0
Patrik Elias,,Albany River Rats,AHL,57,24,43,67,76,21,Playoffs,4,1,1,2,2,1
Patrik Elias,,Albany River Rats,AHL,57,24,43,67,76,21,Playoffs,6,1,2,3,8,2
Patrik Elias,,Albany River Rats,AHL,57,24,43,67,76,21,,,,,,,
Patrik Elias,97-98,New Jersey Devils,NHL,74,18,19,37,28,18,Playoffs,4,0,1,1,0,-2
Patrik Elias,,Albany River Rats,AHL,3,3,0,3,2,-2,Playoffs,4,1,1,2,2,1
Patrik Elias,,Albany River Rats,AHL,3,3,0,3,2,-2,Playoffs,6,1,2,3,8,2
Patrik Elias,,Albany River Rats,AHL,3,3,0,3,2,-2,,,,,,,
Patrik Elias,,Czechia,WC,3,1,0,1,0,1,,,,,,,
Patrik Elias,,Czechia,WC,3,1,0,1,0,1,,,,,,,
Patrik Elias,,Czechia (all),International,3,1,0,1,0,-,,,,,,,
Patrik Elias,,Czechia (all),International,3,1,0,1,0,-,,,,,,,
Patrik Elias,,Czechia (all),International,3,1,0,1,0,-,,,,,,,
Patrik Elias,,Czechia (all),International,3,1,0,1,0,-,,,,,,,
Patrik Elias,,Czechia (all),International,3,1,0,1,0,-,,,,,,,
Patrik Elias,,Czechia (all),International,3,1,0,1,0,-,,,,,,,
Patrik Elias,,Czechia (all),International,3,1,0,1,0,-,,,,,,,
Patrik Elias,,Czechia (all),International,3,1,0,1,0,-,,,,,,,
Patrik Elias,,Czechia (all),International,3,1,0,1,0,-,,,,,,,
Patrik Elias,,Czechia (all),International,3,1,0,1,0,-,,,,,,,
Patrik Elias,98-99,New Jersey Devils,NHL,74,17,33,50,34,19,Playoffs,7,0,5,5,6,0
Patrik Elias,99-00,New Jersey Devils,NHL,72,35,37,72,58,16,Playoffs,23,7,13,20,9,9
Patrik Elias,,HC Pardubice,Czechia,5,1,4,5,31,0,,,,,,,
Patrik Elias,,SK Horácká Slavia Třebíč,Czechia2,2,2,1,3,18,1,,,,,,,
Patrik Elias,00-01,"New Jersey Devils""A""",NHL,82,40,56,96,51,45,Playoffs,25,9,14,23,10,11
Patrik Elias,01-02,New Jersey Devils,NHL,75,29,32,61,36,4,Playoffs,6,2,4,6,6,-1
Patrik Elias,,Czechia,OG,4,1,1,2,0,3,,,,,,,
Patrik Elias,,Czechia,OG,4,1,1,2,0,3,,,,,,,
Patrik Elias,,Czechia (all),International,4,1,1,2,0,3,,,,,,,
Patrik Elias,,Czechia (all),International,4,1,1,2,0,3,,,,,,,
Patrik Elias,,Czechia (all),International,4,1,1,2,0,3,,,,,,,
Patrik Elias,,Czechia (all),International,4,1,1,2,0,3,,,,,,,
Patrik Elias,,Czechia (all),International,4,1,1,2,0,3,,,,,,,
Patrik Elias,,Czechia (all),International,4,1,1,2,0,3,,,,,,,
Patrik Elias,,Czechia (all),International,4,1,1,2,0,3,,,,,,,
Patrik Elias,,Czechia (all),International,4,1,1,2,0,3,,,,,,,
Patrik Elias,,Czechia (all),International,4,1,1,2,0,3,,,,,,,
Patrik Elias,,Czechia (all),International,4,1,1,2,0,3,,,,,,,
Patrik Elias,02-03,"New Jersey Devils""A""",NHL,81,28,29,57,22,17,Playoffs,24,5,8,13,26,5
Patrik Elias,03-04,"New Jersey Devils""A""",NHL,82,38,43,81,44,26,Playoffs,5,3,2,5,2,-3
Patrik Elias,,Czechia (all),International,5,3,2,5,10,-,,,,,,,
Patrik Elias,,Czechia (all),International,5,3,2,5,10,-,,,,,,,
Patrik Elias,,Czechia (all),International,5,3,2,5,10,-,,,,,,,
Patrik Elias,,Czechia (all),International,5,3,2,5,10,-,,,,,,,
Patrik Elias,,Czechia (all),International,5,3,2,5,10,-,,,,,,,
Patrik Elias,,Czechia (all),International,5,3,2,5,10,-,,,,,,,
Patrik Elias,,Czechia (all),International,5,3,2,5,10,-,,,,,,,
Patrik Elias,,Czechia (all),International,5,3,2,5,10,-,,,,,,,
Patrik Elias,,Czechia (all),International,5,3,2,5,10,-,,,,,,,
Patrik Elias,,Czechia (all),International,5,3,2,5,10,-,,,,,,,
Patrik Elias,04-05,HC Znojemští OrliLockout,Czechia,28,8,20,28,65,7,,,,,,,
Patrik Elias,,Metallurg MagnitogorskLockout,Russia,17,5,9,14,28,10,,,,,,,
Patrik Elias,,Czechia,WCup,5,3,2,5,10,3,,,,,,,
Patrik Elias,,Czechia (all),International,2,0,0,0,4,0,,,,,,,
Patrik Elias,,Czechia (all),International,2,0,0,0,4,0,,,,,,,
Patrik Elias,,Czechia (all),International,2,0,0,0,4,0,,,,,,,
Patrik Elias,,Czechia (all),International,2,0,0,0,4,0,,,,,,,
Patrik Elias,,Czechia (all),International,2,0,0,0,4,0,,,,,,,
Patrik Elias,,Czechia (all),International,2,0,0,0,4,0,,,,,,,
Patrik Elias,,Czechia (all),International,2,0,0,0,4,0,,,,,,,
Patrik Elias,,Czechia (all),International,2,0,0,0,4,0,,,,,,,
Patrik Elias,,Czechia (all),International,2,0,0,0,4,0,,,,,,,
Patrik Elias,,Czechia (all),International,2,0,0,0,4,0,,,,,,,
Patrik Elias,05-06,"New Jersey Devils""A""",NHL,38,16,29,45,20,11,Playoffs,9,6,10,16,4,5
Patrik Elias,,Czechia,OG,1,0,0,0,2,0,,,,,,,
Patrik Elias,,Czechia,OG,1,0,0,0,2,0,,,,,,,
Patrik Elias,,Czechia (all),International,1,0,0,0,2,0,,,,,,,
Patrik Elias,,Czechia (all),International,1,0,0,0,2,0,,,,,,,
Patrik Elias,,Czechia (all),International,1,0,0,0,2,0,,,,,,,
Patrik Elias,,Czechia (all),International,1,0,0,0,2,0,,,,,,,
Patrik Elias,,Czechia (all),International,1,0,0,0,2,0,,,,,,,
Patrik Elias,,Czechia (all),International,1,0,0,0,2,0,,,,,,,
Patrik Elias,,Czechia (all),International,1,0,0,0,2,0,,,,,,,
Patrik Elias,,Czechia (all),International,1,0,0,0,2,0,,,,,,,
Patrik Elias,,Czechia (all),International,1,0,0,0,2,0,,,,,,,
Patrik Elias,,Czechia (all),International,1,0,0,0,2,0,,,,,,,
Patrik Elias,06-07,"New Jersey Devils""C""",NHL,75,21,48,69,38,1,Playoffs,10,1,9,10,4,3
Patrik Elias,07-08,"New Jersey Devils""A""",NHL,74,20,35,55,38,10,Playoffs,5,4,2,6,4,-5
Patrik Elias,,"Czechia""A""",WC,7,6,3,9,6,-3,,,,,,,
Patrik Elias,,"Czechia""A""",WC,7,6,3,9,6,-3,,,,,,,
Patrik Elias,,Czechia (all),International,7,6,3,9,6,-3,,,,,,,
Patrik Elias,,Czechia (all),International,7,6,3,9,6,-3,,,,,,,
Patrik Elias,,Czechia (all),International,7,6,3,9,6,-3,,,,,,,
Patrik Elias,,Czechia (all),International,7,6,3,9,6,-3,,,,,,,
Patrik Elias,,Czechia (all),International,7,6,3,9,6,-3,,,,,,,
Patrik Elias,,Czechia (all),International,7,6,3,9,6,-3,,,,,,,
Patrik Elias,,Czechia (all),International,7,6,3,9,6,-3,,,,,,,
Patrik Elias,,Czechia (all),International,7,6,3,9,6,-3,,,,,,,
Patrik Elias,,Czechia (all),International,7,6,3,9,6,-3,,,,,,,
Patrik Elias,,Czechia (all),International,7,6,3,9,6,-3,,,,,,,
Patrik Elias,08-09,"New Jersey Devils""A""",NHL,77,31,47,78,32,18,Playoffs,7,1,2,3,2,-1
Patrik Elias,,Czechia,WC,3,2,0,2,2,2,,,,,,,
Patrik Elias,,Czechia,WC,3,2,0,2,2,2,,,,,,,
Patrik Elias,,Czechia (all),International,3,2,0,2,2,2,,,,,,,
Patrik Elias,,Czechia (all),International,3,2,0,2,2,2,,,,,,,
Patrik Elias,,Czechia (all),International,3,2,0,2,2,2,,,,,,,
Patrik Elias,,Czechia (all),International,3,2,0,2,2,2,,,,,,,
Patrik Elias,,Czechia (all),International,3,2,0,2,2,2,,,,,,,
Patrik Elias,,Czechia (all),International,3,2,0,2,2,2,,,,,,,
Patrik Elias,,Czechia (all),International,3,2,0,2,2,2,,,,,,,
Patrik Elias,,Czechia (all),International,3,2,0,2,2,2,,,,,,,
Patrik Elias,,Czechia (all),International,3,2,0,2,2,2,,,,,,,
Patrik Elias,,Czechia (all),International,3,2,0,2,2,2,,,,,,,
Patrik Elias,09-10,"New Jersey Devils""A""",NHL,58,19,29,48,40,18,Playoffs,5,0,4,4,2,-2
Patrik Elias,,"Czechia""C""",OG,5,2,2,4,2,-1,,,,,,,
Patrik Elias,,Czechia (all),International,5,2,2,4,2,-,,,,,,,
Patrik Elias,,Czechia (all),International,5,2,2,4,2,-,,,,,,,
Patrik Elias,,Czechia (all),International,5,2,2,4,2,-,,,,,,,
Patrik Elias,,Czechia (all),International,5,2,2,4,2,-,,,,,,,
Patrik Elias,,Czechia (all),International,5,2,2,4,2,-,,,,,,,
Patrik Elias,,Czechia (all),International,5,2,2,4,2,-,,,,,,,
Patrik Elias,,Czechia (all),International,5,2,2,4,2,-,,,,,,,
Patrik Elias,,Czechia (all),International,5,2,2,4,2,-,,,,,,,
Patrik Elias,,Czechia (all),International,5,2,2,4,2,-,,,,,,,
Patrik Elias,,Czechia (all),International,5,2,2,4,2,-,,,,,,,
Patrik Elias,10-11,"New Jersey Devils""A""",NHL,81,21,41,62,16,-4,,,,,,,
Patrik Elias,,"Czechia""A""",WC,9,4,5,9,6,4,,,,,,,
Patrik Elias,,"Czechia""A""",WC,9,4,5,9,6,4,,,,,,,
Patrik Elias,,Czechia (all),International,10,4,7,11,8,1,,,,,,,
Patrik Elias,,Czechia (all),International,10,4,7,11,8,1,,,,,,,
Patrik Elias,,Czechia (all),International,10,4,7,11,8,1,,,,,,,
Patrik Elias,,Czechia (all),International,10,4,7,11,8,1,,,,,,,
Patrik Elias,,Czechia (all),International,10,4,7,11,8,1,,,,,,,
Patrik Elias,,Czechia (all),International,10,4,7,11,8,1,,,,,,,
Patrik Elias,,Czechia (all),International,10,4,7,11,8,1,,,,,,,
Patrik Elias,,Czechia (all),International,10,4,7,11,8,1,,,,,,,
Patrik Elias,,Czechia (all),International,10,4,7,11,8,1,,,,,,,
Patrik Elias,,Czechia (all),International,10,4,7,11,8,1,,,,,,,
Patrik Elias,11-12,"New Jersey Devils""A""",NHL,81,26,52,78,16,-8,Playoffs,24,5,3,8,10,-3
Patrik Elias,12-13,"New Jersey Devils""A""",NHL,48,14,22,36,22,5,,,,,,,
Patrik Elias,13-14,"New Jersey Devils""A""",NHL,65,18,35,53,30,-4,,,,,,,
Patrik Elias,,"Czechia""A""",OG,3,0,1,1,0,1,,,,,,,
Patrik Elias,,Czechia (all),International,3,0,1,1,0,1,,,,,,,
Patrik Elias,,Czechia (all),International,3,0,1,1,0,1,,,,,,,
Patrik Elias,,Czechia (all),International,3,0,1,1,0,1,,,,,,,
Patrik Elias,,Czechia (all),International,3,0,1,1,0,1,,,,,,,
Patrik Elias,,Czechia (all),International,3,0,1,1,0,1,,,,,,,
Patrik Elias,,Czechia (all),International,3,0,1,1,0,1,,,,,,,
Patrik Elias,,Czechia (all),International,3,0,1,1,0,1,,,,,,,
Patrik Elias,,Czechia (all),International,3,0,1,1,0,1,,,,,,,
Patrik Elias,,Czechia (all),International,3,0,1,1,0,1,,,,,,,
Patrik Elias,,Czechia (all),International,3,0,1,1,0,1,,,,,,,
Patrik Elias,14-15,"New Jersey Devils""A""",NHL,69,13,21,34,12,-20,,,,,,,
Patrik Elias,15-16,"New Jersey Devils""A""",NHL,16,2,6,8,10,5,,,,,,,
Alexei Kovalev,89-90,Dynamo Moskva,Soviet,1,0,0,0,0,-,,,,,,,
Alexei Kovalev,,Dynamo Moskva-2,Soviet3,17,10,5,15,18,-,,,,,,,
Alexei Kovalev,,Dynamo Moskva-2,Soviet3,17,10,5,15,18,-,,,,,,,
Alexei Kovalev,,Dynamo Moskva-2,Soviet3,17,10,5,15,18,-,,,,,,,
Alexei Kovalev,,Soviet Union U17,WHC-17,-,-,-,-,-,-,,,,,,,
Alexei Kovalev,,Soviet Union U18,EJC-18,6,4,3,7,6,-,,,,,,,
Alexei Kovalev,,Soviet Union U18,EJC-18,6,4,3,7,6,-,,,,,,,
Alexei Kovalev,90-91,Dynamo Moskva,Soviet,18,1,2,3,4,-,,,,,,,
Alexei Kovalev,,Dynamo Moskva-2,Soviet3,21,16,9,25,20,-,,,,,,,
Alexei Kovalev,,Dynamo Moskva-2,Soviet3,21,16,9,25,20,-,,,,,,,
Alexei Kovalev,,Dynamo Moskva-2,Soviet3,21,16,9,25,20,-,,,,,,,
Alexei Kovalev,,Soviet Union U18,EJC-18,6,8,3,11,22,-,,,,,,,
Alexei Kovalev,,Soviet Union U18,EJC-18,6,8,3,11,22,-,,,,,,,
Alexei Kovalev,91-92,Dynamo Moskva,Soviet,26,16,8,24,16,-,Playoffs,7,1,1,2,4,-
Alexei Kovalev,,Dynamo Moskva-2,Soviet3,4,5,0,5,12,-,,,,,,,
Alexei Kovalev,,Dynamo Moskva-2,Soviet3,4,5,0,5,12,-,,,,,,,
Alexei Kovalev,,Dynamo Moskva-2,Soviet3,4,5,0,5,12,-,,,,,,,
Alexei Kovalev,,CIS U20,WJC-20,7,5,5,10,2,14,,,,,,,
Alexei Kovalev,,Unified Team,OG,8,1,2,3,14,-,,,,,,,
Alexei Kovalev,,Russia,WC,6,0,1,1,0,-,,,,,,,
Alexei Kovalev,,Russia,WC,6,0,1,1,0,-,,,,,,,
Alexei Kovalev,92-93,New York Rangers,NHL,65,20,18,38,79,-10,,,,,,,
Alexei Kovalev,,Binghamton Rangers,AHL,13,13,11,24,35,12,Playoffs,9,3,5,8,14,-
Alexei Kovalev,93-94,New York Rangers,NHL,76,23,33,56,154,18,Playoffs,23,9,12,21,18,5
Alexei Kovalev,94-95,Lada TogliattiLockout,Russia,12,8,8,16,49,-,,,,,,,
Alexei Kovalev,,New York Rangers,NHL,48,13,15,28,30,-6,Playoffs,10,4,7,11,10,2
Alexei Kovalev,,New York Rangers,NHL,48,13,15,28,30,-6,,,,,,,
Alexei Kovalev,95-96,New York Rangers,NHL,81,24,34,58,98,5,Playoffs,11,3,4,7,14,0
Alexei Kovalev,96-97,New York Rangers,NHL,45,13,22,35,42,11,,,,,,,
Alexei Kovalev,,Russia,WCup,5,2,1,3,8,1,,,,,,,
Alexei Kovalev,97-98,New York Rangers,NHL,73,23,30,53,44,-22,,,,,,,
Alexei Kovalev,,Russia,WC,6,5,2,7,14,1,,,,,,,
Alexei Kovalev,,Russia,WC,6,5,2,7,14,1,,,,,,,
Alexei Kovalev,98-99,New York Rangers,NHL,14,3,4,7,12,-6,,,,,,,
Alexei Kovalev,,Pittsburgh Penguins,NHL,63,20,26,46,37,8,Playoffs,10,5,7,12,14,0
Alexei Kovalev,,Pittsburgh Penguins,NHL,63,20,26,46,37,8,Playoffs,7,1,1,2,10,-3
Alexei Kovalev,99-00,Pittsburgh Penguins,NHL,82,26,40,66,94,-3,Playoffs,11,1,5,6,10,-1
Alexei Kovalev,00-01,Pittsburgh Penguins,NHL,79,44,51,95,96,12,Playoffs,18,5,5,10,16,-2
Alexei Kovalev,01-02,Pittsburgh Penguins,NHL,67,32,44,76,80,2,,,,,,,
Alexei Kovalev,,Russia,OG,6,3,1,4,4,6,,,,,,,
Alexei Kovalev,,Russia (all),International,6,3,1,4,4,6,,,,,,,
Alexei Kovalev,02-03,"Pittsburgh Penguins""A""",NHL,54,27,37,64,50,-11,,,,,,,
Alexei Kovalev,,New York Rangers,NHL,24,10,3,13,20,2,Playoffs,10,4,7,11,10,2
Alexei Kovalev,,New York Rangers,NHL,24,10,3,13,20,2,,,,,,,
Alexei Kovalev,03-04,New York Rangers,NHL,66,13,29,42,54,-5,,,,,,,
Alexei Kovalev,,Montréal Canadiens,NHL,12,1,2,3,12,-4,Playoffs,11,6,4,10,8,2
Alexei Kovalev,04-05,Ak Bars KazanLockout,Russia,35,10,12,22,80,-2,Playoffs,4,0,0,0,8,-2
Alexei Kovalev,,"Russia""C""",WCup,4,2,1,3,4,-2,,,,,,,
Alexei Kovalev,,"Russia""C""",WC,9,3,4,7,16,6,,,,,,,
Alexei Kovalev,05-06,"Montréal Canadiens""A""",NHL,69,23,42,65,76,-1,Playoffs,6,4,3,7,4,3
Alexei Kovalev,,"Russia""C""",OG,8,4,2,6,4,4,,,,,,,
Alexei Kovalev,06-07,"Montréal Canadiens""A""",NHL,73,18,29,47,78,-19,,,,,,,
Alexei Kovalev,07-08,"Montréal Canadiens""A""",NHL,82,35,49,84,70,18,Playoffs,12,5,6,11,8,-4
Alexei Kovalev,08-09,"Montréal Canadiens""A""",NHL,78,26,39,65,74,-5,Playoffs,4,2,1,3,2,0
Alexei Kovalev,09-10,Ottawa Senators,NHL,77,18,31,49,54,-8,,,,,,,
Alexei Kovalev,10-11,Ottawa Senators,NHL,54,14,13,27,28,-9,,,,,,,
Alexei Kovalev,,Pittsburgh Penguins,NHL,20,2,5,7,16,3,Playoffs,10,5,7,12,14,0
Alexei Kovalev,,Pittsburgh Penguins,NHL,20,2,5,7,16,3,Playoffs,7,1,1,2,10,-3
Alexei Kovalev,11-12,Atlant Mytishchi,KHL,22,1,5,6,16,-13,,,,,,,
Alexei Kovalev,12-13,Florida Panthers,NHL,14,2,3,5,6,-1,,,,,,,
Alexei Kovalev,13-14,"EHC Visp""A""",NLB,44,22,30,52,82,-,Playoffs,11,7,8,15,37,-
Alexei Kovalev,,EHC Visp,NLA Q,-,-,-,-,-,-,Qualification,4,0,2,2,6,-1
Alexei Kovalev,14-15,Did not play,-,-,-,-,-,-,-,,,,,,,
Alexei Kovalev,15-16,Did not play,-,-,-,-,-,-,-,,,,,,,
Alexei Kovalev,16-17,"EHC Visp""A""",NLB,11,3,7,10,24,3,,,,,,,
Jason Allison,90-91,North York Rangers U18 AAA,GTHL U18,63,53,41,94,-,-,,,,,,,
Jason Allison,91-92,London Knights,OHL,65,11,18,29,15,-,Playoffs,7,0,0,0,0,-
Jason Allison,92-93,London Knights,OHL,66,42,76,118,50,-,Playoffs,12,7,13,20,8,-
Jason Allison,93-94,London Knights,OHL,56,55,87,142,68,-,Playoffs,5,2,13,15,13,-
Jason Allison,,Washington Capitals,NHL,2,0,1,1,0,1,,,,,,,
Jason Allison,,Washington Capitals,NHL,2,0,1,1,0,1,,,,,,,
Jason Allison,,Portland Pirates,AHL,0,0,0,0,0,-,Playoffs,6,2,1,3,0,1
Jason Allison,,Portland Pirates,AHL,0,0,0,0,0,-,Playoffs,7,3,8,11,2,3
Jason Allison,,Portland Pirates,AHL,0,0,0,0,0,-,Playoffs,6,1,6,7,9,6
Jason Allison,,Canada U20,WJC-20,7,3,6,9,2,11,,,,,,,
Jason Allison,94-95,London Knights,OHL,15,15,21,36,43,-,,,,,,,
Jason Allison,,Washington Capitals,NHL,12,2,1,3,6,-3,,,,,,,
Jason Allison,,Washington Capitals,NHL,12,2,1,3,6,-3,,,,,,,
Jason Allison,,Portland Pirates,AHL,8,5,4,9,2,-1,Playoffs,6,2,1,3,0,1
Jason Allison,,Portland Pirates,AHL,8,5,4,9,2,-1,Playoffs,7,3,8,11,2,3
Jason Allison,,Portland Pirates,AHL,8,5,4,9,2,-1,Playoffs,6,1,6,7,9,6
Jason Allison,,"Canada U20""A""",WJC-20,7,3,12,15,6,-,,,,,,,
Jason Allison,95-96,Washington Capitals,NHL,19,0,3,3,2,-3,,,,,,,
Jason Allison,,Portland Pirates,AHL,57,28,41,69,42,-9,Playoffs,6,2,1,3,0,1
Jason Allison,,Portland Pirates,AHL,57,28,41,69,42,-9,Playoffs,7,3,8,11,2,3
Jason Allison,,Portland Pirates,AHL,57,28,41,69,42,-9,Playoffs,6,1,6,7,9,6
Jason Allison,96-97,Washington Capitals,NHL,53,5,17,22,25,-3,,,,,,,
Jason Allison,,Boston Bruins,NHL,19,3,9,12,9,-3,,,,,,,
Jason Allison,97-98,Boston Bruins,NHL,81,33,50,83,60,33,Playoffs,6,2,6,8,4,0
Jason Allison,98-99,Boston Bruins,NHL,82,23,53,76,68,5,Playoffs,12,2,9,11,6,1
Jason Allison,99-00,Boston Bruins,NHL,37,10,18,28,20,5,,,,,,,
Jason Allison,00-01,"Boston Bruins""C""",NHL,82,36,59,95,85,-8,,,,,,,
Jason Allison,01-02,Los Angeles Kings,NHL,73,19,55,74,68,2,Playoffs,7,3,3,6,4,2
Jason Allison,02-03,Los Angeles Kings,NHL,26,6,22,28,22,9,,,,,,,
Jason Allison,03-04,Los Angeles Kings,NHL,0,0,0,0,0,0,,,,,,,
Jason Allison,04-05,Did not play,-,-,-,-,-,-,-,,,,,,,
Jason Allison,05-06,Toronto Maple Leafs,NHL,66,17,43,60,76,-18,,,,,,,
Martin Straka,88-89,HC Plzen U18,Czechoslovakia U18,34,37,34,71,42,-,,,,,,,
Martin Straka,89-90,Czechoslovakia U18,EJC-18,6,4,2,6,2,-,,,,,,,
Martin Straka,90-91,TJ Plzeň,Czechoslovakia,47,7,24,32,6,10,,,,,,,
Martin Straka,,Czechoslovakia U20,WJC-20,6,1,5,6,0,-,,,,,,,
Martin Straka,,Czechoslovakia U20,WJC-20,6,1,5,6,0,-,,,,,,,
Martin Straka,91-92,HC Plzeň,Czechoslovakia,36,23,24,47,-,-,Playoffs,14,4,4,8,-,-
Martin Straka,,Czechoslovakia U20,WJC-20,7,2,6,8,4,-,,,,,,,
Martin Straka,,Czechoslovakia U20,WJC-20,7,2,6,8,4,-,,,,,,,
Martin Straka,,Czechoslovakia (all),International,5,2,-,-,-,-,,,,,,,
Martin Straka,92-93,Pittsburgh Penguins,NHL,42,3,13,16,29,2,Playoffs,11,2,1,3,2,2
Martin Straka,,Cleveland Lumberjacks,IHL,4,4,3,7,0,2,,,,,,,
Martin Straka,93-94,Pittsburgh Penguins,NHL,84,30,34,64,24,24,Playoffs,6,1,0,1,2,-3
Martin Straka,,Czechia,WC,3,1,0,1,4,-2,,,,,,,
Martin Straka,,Czechia,WC,3,1,0,1,4,-2,,,,,,,
Martin Straka,,Czechia,WC,3,1,0,1,4,-2,,,,,,,
Martin Straka,,Czechia (all),International,3,1,0,1,4,-,,,,,,,
Martin Straka,,Czechia (all),International,3,1,0,1,4,-,,,,,,,
Martin Straka,,Czechia (all),International,3,1,0,1,4,-,,,,,,,
Martin Straka,,Czechia (all),International,3,1,0,1,4,-,,,,,,,
Martin Straka,,Czechia (all),International,3,1,0,1,4,-,,,,,,,
Martin Straka,,Czechia (all),International,3,1,0,1,4,-,,,,,,,
Martin Straka,,Czechia (all),International,3,1,0,1,4,-,,,,,,,
Martin Straka,,Czechia (all),International,3,1,0,1,4,-,,,,,,,
Martin Straka,,Czechia (all),International,3,1,0,1,4,-,,,,,,,
Martin Straka,94-95,HC Plzeň,Czechia,19,10,11,21,18,13,,,,,,,
Martin Straka,,Pittsburgh Penguins,NHL,31,4,12,16,16,0,,,,,,,
Martin Straka,,Ottawa Senators,NHL,6,1,1,2,0,-1,,,,,,,
Martin Straka,,Czechia (all),International,3,1,-,-,-,-,,,,,,,
Martin Straka,,Czechia (all),International,3,1,-,-,-,-,,,,,,,
Martin Straka,,Czechia (all),International,3,1,-,-,-,-,,,,,,,
Martin Straka,,Czechia (all),International,3,1,-,-,-,-,,,,,,,
Martin Straka,,Czechia (all),International,3,1,-,-,-,-,,,,,,,
Martin Straka,,Czechia (all),International,3,1,-,-,-,-,,,,,,,
Martin Straka,,Czechia (all),International,3,1,-,-,-,-,,,,,,,
Martin Straka,,Czechia (all),International,3,1,-,-,-,-,,,,,,,
Martin Straka,,Czechia (all),International,3,1,-,-,-,-,,,,,,,
Martin Straka,95-96,Ottawa Senators,NHL,43,9,16,25,29,-14,,,,,,,
Martin Straka,,New York Islanders,NHL,22,2,10,12,6,-6,,,,,,,
Martin Straka,,Florida Panthers,NHL,12,2,4,6,6,1,Playoffs,13,2,2,4,2,-2
Martin Straka,,Czechia (all),International,6,3,0,3,0,-,,,,,,,
Martin Straka,,Czechia (all),International,6,3,0,3,0,-,,,,,,,
Martin Straka,,Czechia (all),International,6,3,0,3,0,-,,,,,,,
Martin Straka,,Czechia (all),International,6,3,0,3,0,-,,,,,,,
Martin Straka,,Czechia (all),International,6,3,0,3,0,-,,,,,,,
Martin Straka,,Czechia (all),International,6,3,0,3,0,-,,,,,,,
Martin Straka,,Czechia (all),International,6,3,0,3,0,-,,,,,,,
Martin Straka,,Czechia (all),International,6,3,0,3,0,-,,,,,,,
Martin Straka,,Czechia (all),International,6,3,0,3,0,-,,,,,,,
Martin Straka,96-97,Florida Panthers,NHL,55,7,22,29,12,9,Playoffs,4,0,0,0,0,-2
Martin Straka,,Czechia,WCup,1,0,0,0,0,-1,,,,,,,
Martin Straka,,Czechia,WCup,1,0,0,0,0,-1,,,,,,,
Martin Straka,97-98,Pittsburgh Penguins,NHL,75,19,23,42,28,-1,Playoffs,6,2,0,2,2,-3
Martin Straka,,Czechia,OG,6,1,2,3,0,1,,,,,,,
Martin Straka,,Czechia,OG,6,1,2,3,0,1,,,,,,,
Martin Straka,,Czechia (all),International,6,1,2,3,0,-,,,,,,,
Martin Straka,,Czechia (all),International,6,1,2,3,0,-,,,,,,,
Martin Straka,,Czechia (all),International,6,1,2,3,0,-,,,,,,,
Martin Straka,,Czechia (all),International,6,1,2,3,0,-,,,,,,,
Martin Straka,,Czechia (all),International,6,1,2,3,0,-,,,,,,,
Martin Straka,,Czechia (all),International,6,1,2,3,0,-,,,,,,,
Martin Straka,,Czechia (all),International,6,1,2,3,0,-,,,,,,,
Martin Straka,,Czechia (all),International,6,1,2,3,0,-,,,,,,,
Martin Straka,,Czechia (all),International,6,1,2,3,0,-,,,,,,,
Martin Straka,98-99,"Pittsburgh Penguins""A""",NHL,80,35,48,83,26,12,Playoffs,13,6,9,15,6,0
Martin Straka,99-00,"Pittsburgh Penguins""A""",NHL,71,20,39,59,26,24,Playoffs,11,3,9,12,10,5
Martin Straka,00-01,"Pittsburgh Penguins""A""",NHL,82,27,68,95,38,19,Playoffs,18,5,8,13,8,-1
Martin Straka,01-02,"Pittsburgh Penguins""A""",NHL,13,5,4,9,0,3,,,,,,,
Martin Straka,02-03,"Pittsburgh Penguins""A""",NHL,60,18,28,46,12,-18,,,,,,,
Martin Straka,,Czechia,WC,9,6,4,10,4,5,,,,,,,
Martin Straka,,Czechia,WC,9,6,4,10,4,5,,,,,,,
Martin Straka,,Czechia,WC,9,6,4,10,4,5,,,,,,,
Martin Straka,,Czechia (all),International,11,7,5,12,4,-,,,,,,,
Martin Straka,,Czechia (all),International,11,7,5,12,4,-,,,,,,,
Martin Straka,,Czechia (all),International,11,7,5,12,4,-,,,,,,,
Martin Straka,,Czechia (all),International,11,7,5,12,4,-,,,,,,,
Martin Straka,,Czechia (all),International,11,7,5,12,4,-,,,,,,,
Martin Straka,,Czechia (all),International,11,7,5,12,4,-,,,,,,,
Martin Straka,,Czechia (all),International,11,7,5,12,4,-,,,,,,,
Martin Straka,,Czechia (all),International,11,7,5,12,4,-,,,,,,,
Martin Straka,,Czechia (all),International,11,7,5,12,4,-,,,,,,,
Martin Straka,03-04,"Pittsburgh Penguins""A""",NHL,22,4,8,12,16,-16,,,,,,,
Martin Straka,,Los Angeles Kings,NHL,32,6,8,14,4,-9,,,,,,,
Martin Straka,,"Czechia""C""",WC,7,2,2,4,4,2,,,,,,,
Martin Straka,,Czechia (all),International,14,6,5,11,6,-,,,,,,,
Martin Straka,,Czechia (all),International,14,6,5,11,6,-,,,,,,,
Martin Straka,,Czechia (all),International,14,6,5,11,6,-,,,,,,,
Martin Straka,,Czechia (all),International,14,6,5,11,6,-,,,,,,,
Martin Straka,,Czechia (all),International,14,6,5,11,6,-,,,,,,,
Martin Straka,,Czechia (all),International,14,6,5,11,6,-,,,,,,,
Martin Straka,,Czechia (all),International,14,6,5,11,6,-,,,,,,,
Martin Straka,,Czechia (all),International,14,6,5,11,6,-,,,,,,,
Martin Straka,,Czechia (all),International,14,6,5,11,6,-,,,,,,,
Martin Straka,04-05,HC Plzeň,Czechia,45,16,18,34,76,5,,,,,,,
Martin Straka,,Czechia,WCup,5,1,2,3,0,1,,,,,,,
Martin Straka,,Czechia,WCup,5,1,2,3,0,1,,,,,,,
Martin Straka,,Czechia,WC,9,3,1,4,8,6,,,,,,,
Martin Straka,,Czechia,WC,9,3,1,4,8,6,,,,,,,
Martin Straka,,Czechia,WC,9,3,1,4,8,6,,,,,,,
Martin Straka,,Czechia (all),International,24,5,8,13,10,-,,,,,,,
Martin Straka,,Czechia (all),International,24,5,8,13,10,-,,,,,,,
Martin Straka,,Czechia (all),International,24,5,8,13,10,-,,,,,,,
Martin Straka,,Czechia (all),International,24,5,8,13,10,-,,,,,,,
Martin Straka,,Czechia (all),International,24,5,8,13,10,-,,,,,,,
Martin Straka,,Czechia (all),International,24,5,8,13,10,-,,,,,,,
Martin Straka,,Czechia (all),International,24,5,8,13,10,-,,,,,,,
Martin Straka,,Czechia (all),International,24,5,8,13,10,-,,,,,,,
Martin Straka,,Czechia (all),International,24,5,8,13,10,-,,,,,,,
Martin Straka,05-06,New York Rangers,NHL,82,22,54,76,42,17,Playoffs,4,0,0,0,2,-4
Martin Straka,,Czechia,OG,8,2,6,8,6,4,,,,,,,
Martin Straka,,Czechia,OG,8,2,6,8,6,4,,,,,,,
Martin Straka,,Czechia (all),International,8,2,6,8,6,4,,,,,,,
Martin Straka,,Czechia (all),International,8,2,6,8,6,4,,,,,,,
Martin Straka,,Czechia (all),International,8,2,6,8,6,4,,,,,,,
Martin Straka,,Czechia (all),International,8,2,6,8,6,4,,,,,,,
Martin Straka,,Czechia (all),International,8,2,6,8,6,4,,,,,,,
Martin Straka,,Czechia (all),International,8,2,6,8,6,4,,,,,,,
Martin Straka,,Czechia (all),International,8,2,6,8,6,4,,,,,,,
Martin Straka,,Czechia (all),International,8,2,6,8,6,4,,,,,,,
Martin Straka,,Czechia (all),International,8,2,6,8,6,4,,,,,,,
Martin Straka,06-07,"New York Rangers""A""",NHL,77,29,41,70,24,16,Playoffs,10,2,8,10,2,0
Martin Straka,07-08,"New York Rangers""A""",NHL,65,14,27,41,22,5,Playoffs,10,3,7,10,16,2
Martin Straka,08-09,"HC Plzeň""C""",Czechia,51,22,30,52,20,12,Playoffs,17,8,13,21,2,2
Martin Straka,,Czechia (all),International,1,0,1,1,0,-,,,,,,,
Martin Straka,,Czechia (all),International,1,0,1,1,0,-,,,,,,,
Martin Straka,,Czechia (all),International,1,0,1,1,0,-,,,,,,,
Martin Straka,,Czechia (all),International,1,0,1,1,0,-,,,,,,,
Martin Straka,,Czechia (all),International,1,0,1,1,0,-,,,,,,,
Martin Straka,,Czechia (all),International,1,0,1,1,0,-,,,,,,,
Martin Straka,,Czechia (all),International,1,0,1,1,0,-,,,,,,,
Martin Straka,,Czechia (all),International,1,0,1,1,0,-,,,,,,,
Martin Straka,,Czechia (all),International,1,0,1,1,0,-,,,,,,,
Martin Straka,09-10,"HC Plzeň 1929""C""",Czechia,35,17,26,43,32,-2,Playoffs,6,2,2,4,4,-2
Martin Straka,10-11,"HC Plzeň 1929""C""",Czechia,51,17,44,61,12,7,Playoffs,4,3,2,5,0,1
Martin Straka,11-12,"HC Plzeň 1929""C""",Czechia,51,17,30,47,20,9,Playoffs,12,2,11,13,4,2
Martin Straka,12-13,"HC Plzeň""C""",Czechia,47,15,39,54,18,26,Playoffs,20,8,12,20,8,6
Martin Straka,13-14,"HC Plzeň""C""",Czechia,29,6,20,26,12,10,Playoffs,6,1,1,2,2,0
Pavel Bure,87-88,CSKA Moskva,Soviet,5,1,1,2,0,-,,,,,,,
Pavel Bure,,Soviet Union U17,WHC-17,-,-,-,-,-,-,,,,,,,
Pavel Bure,,Soviet Union U18,EJC-18,6,10,0,10,2,-,,,,,,,
Pavel Bure,88-89,CSKA Moskva,Soviet,32,17,9,26,8,-,,,,,,,
Pavel Bure,,"Soviet Union U18""C""",EJC-18,6,5,5,10,4,-,,,,,,,
Pavel Bure,,Soviet Union U20,WJC-20,7,8,6,14,4,-,,,,,,,
Pavel Bure,,Soviet Union U20,WJC-20,7,8,6,14,4,-,,,,,,,
Pavel Bure,,Soviet Union U20,WJC-20,7,8,6,14,4,-,,,,,,,
Pavel Bure,89-90,CSKA Moskva,Soviet,46,14,10,24,20,-,,,,,,,
Pavel Bure,,Soviet Union U20,WJC-20,7,7,3,10,10,-,,,,,,,
Pavel Bure,,Soviet Union U20,WJC-20,7,7,3,10,10,-,,,,,,,
Pavel Bure,,Soviet Union U20,WJC-20,7,7,3,10,10,-,,,,,,,
Pavel Bure,,Soviet Union,WC,10,2,4,6,10,-,,,,,,,
Pavel Bure,,Soviet Union,WC,10,2,4,6,10,-,,,,,,,
Pavel Bure,90-91,CSKA Moskva,Soviet,44,35,11,46,24,-,,,,,,,
Pavel Bure,,Soviet Union U20,WJC-20,7,12,3,15,31,-,,,,,,,
Pavel Bure,,Soviet Union U20,WJC-20,7,12,3,15,31,-,,,,,,,
Pavel Bure,,Soviet Union U20,WJC-20,7,12,3,15,31,-,,,,,,,
Pavel Bure,,Soviet Union,WC,10,3,8,11,2,-,,,,,,,
Pavel Bure,,Soviet Union,WC,10,3,8,11,2,-,,,,,,,
Pavel Bure,91-92,Vancouver Canucks,NHL,65,34,26,60,30,0,Playoffs,13,6,4,10,14,4
Pavel Bure,92-93,Vancouver Canucks,NHL,83,60,50,110,69,35,Playoffs,12,5,7,12,8,0
Pavel Bure,93-94,Vancouver Canucks,NHL,76,60,47,107,86,1,Playoffs,24,16,15,31,40,8
Pavel Bure,94-95,EV LandshutLockout,DEL,1,3,0,3,2,-,,,,,,,
Pavel Bure,,Spartak MoskvaLockout,Russia,1,2,0,2,2,-,,,,,,,
Pavel Bure,,Vancouver Canucks,NHL,44,20,23,43,47,-8,Playoffs,11,7,6,13,10,-1
Pavel Bure,95-96,"Vancouver Canucks""A""",NHL,15,6,7,13,8,-2,,,,,,,
Pavel Bure,96-97,"Vancouver Canucks""A""",NHL,63,23,32,55,40,-14,,,,,,,
Pavel Bure,97-98,"Vancouver Canucks""A""",NHL,82,51,39,90,48,5,,,,,,,
Pavel Bure,,"Russia""C""",OG,6,9,0,9,2,6,,,,,,,
Pavel Bure,98-99,Florida Panthers,NHL,11,13,3,16,4,3,,,,,,,
Pavel Bure,99-00,"Florida Panthers""A""",NHL,74,58,36,94,16,25,Playoffs,4,1,3,4,2,-3
Pavel Bure,,"Russia""C""",WC,6,4,1,5,10,1,,,,,,,
Pavel Bure,00-01,"Florida Panthers""A""",NHL,82,59,33,92,58,-2,,,,,,,
Pavel Bure,01-02,"Florida Panthers""C""",NHL,56,22,27,49,56,-14,,,,,,,
Pavel Bure,,New York Rangers,NHL,12,12,8,20,6,9,,,,,,,
Pavel Bure,,"Russia""A""",OG,6,2,1,3,8,2,,,,,,,
Pavel Bure,,Russia (all),International,6,2,1,3,8,2,,,,,,,
Pavel Bure,02-03,New York Rangers,NHL,39,19,11,30,16,4,,,,,,,
Doug Weight,87-88,Detroit Falcons 18U AAA,18U AAA,-,-,-,-,-,-,,,,,,,
Doug Weight,88-89,Bloomfield Jets,NAHL,34,26,53,79,105,-,,,,,,,
Doug Weight,89-90,Lake Superior State Univ.,NCAA,46,21,48,69,44,-,,,,,,,
Doug Weight,90-91,Lake Superior State Univ.,NCAA,42,29,46,75,86,-,,,,,,,
Doug Weight,,New York Rangers,NHL,0,0,0,0,0,-,Playoffs,1,0,0,0,0,0
Doug Weight,,USA U20,WJC-20,7,5,14,19,4,-,,,,,,,
Doug Weight,91-92,New York Rangers,NHL,53,8,22,30,23,-3,Playoffs,7,2,2,4,0,3
Doug Weight,,Binghamton Rangers,AHL,9,3,14,17,2,5,Playoffs,4,1,4,5,6,-1
Doug Weight,92-93,New York Rangers,NHL,65,15,25,40,55,4,,,,,,,
Doug Weight,,Edmonton Oilers,NHL,13,2,6,8,10,-2,,,,,,,
Doug Weight,,Edmonton Oilers,NHL,13,2,6,8,10,-2,,,,,,,
Doug Weight,,USA,WC,6,0,6,6,12,4,,,,,,,
Doug Weight,93-94,"Edmonton Oilers""A""",NHL,84,24,50,74,47,-22,,,,,,,
Doug Weight,,"USA""A""",WC,8,0,4,4,16,1,,,,,,,
Doug Weight,94-95,Star Bulls RosenheimLockout,DEL,8,2,3,5,18,-,,,,,,,
Doug Weight,,Edmonton Oilers,NHL,48,7,33,40,69,-17,,,,,,,
Doug Weight,,Edmonton Oilers,NHL,48,7,33,40,69,-17,,,,,,,
Doug Weight,95-96,"Edmonton Oilers""A""",NHL,82,25,79,104,95,-19,,,,,,,
Doug Weight,96-97,"Edmonton Oilers""A""",NHL,80,21,61,82,80,1,Playoffs,12,3,8,11,8,0
Doug Weight,,USA,WCup,7,3,4,7,12,3,,,,,,,
Doug Weight,,USA,WCup,7,3,4,7,12,3,,,,,,,
Doug Weight,97-98,"Edmonton Oilers""A""",NHL,79,26,44,70,69,1,Playoffs,12,2,7,9,14,-4
Doug Weight,,USA,OG,4,0,2,2,2,-3,,,,,,,
Doug Weight,,USA,OG,4,0,2,2,2,-3,,,,,,,
Doug Weight,,USA,OG,4,0,2,2,2,-3,,,,,,,
Doug Weight,98-99,"Edmonton Oilers""C""",NHL,43,6,31,37,12,-8,Playoffs,4,1,1,2,15,-3
Doug Weight,99-00,"Edmonton Oilers""C""",NHL,77,21,51,72,54,6,Playoffs,5,3,2,5,4,-3
Doug Weight,00-01,"Edmonton Oilers""C""",NHL,82,25,65,90,91,12,Playoffs,6,1,5,6,17,0
Doug Weight,01-02,"St. Louis Blues""A""",NHL,61,15,34,49,40,20,Playoffs,10,1,1,2,4,0
Doug Weight,,USA,OG,6,0,3,3,4,2,,,,,,,
Doug Weight,,USA,OG,6,0,3,3,4,2,,,,,,,
Doug Weight,,USA,OG,6,0,3,3,4,2,,,,,,,
Doug Weight,02-03,"St. Louis Blues""A""",NHL,70,15,52,67,52,-6,Playoffs,7,5,8,13,2,0
Doug Weight,03-04,"St. Louis Blues""A""",NHL,75,14,51,65,37,-3,Playoffs,5,2,1,3,6,-4
Doug Weight,04-05,Frankfurt LionsLockout,DEL,7,6,9,15,26,8,Playoffs,11,2,10,12,8,-2
Doug Weight,,USA,WCup,5,1,0,1,4,-4,,,,,,,
Doug Weight,,USA,WCup,5,1,0,1,4,-4,,,,,,,
Doug Weight,,"USA""C""",WC,7,1,5,6,0,2,,,,,,,
Doug Weight,05-06,"St. Louis Blues""A""",NHL,47,11,33,44,50,-11,,,,,,,
Doug Weight,,Carolina Hurricanes,NHL,23,4,9,13,25,-6,Playoffs,23,3,13,16,20,-3
Doug Weight,,USA,OG,6,0,3,3,4,0,,,,,,,
Doug Weight,,USA,OG,6,0,3,3,4,0,,,,,,,
Doug Weight,,USA,OG,6,0,3,3,4,0,,,,,,,
Doug Weight,06-07,"St. Louis Blues""A""",NHL,82,16,43,59,56,10,,,,,,,
Doug Weight,07-08,"St. Louis Blues""A""",NHL,29,4,7,11,12,4,,,,,,,
Doug Weight,,Anaheim Ducks,NHL,38,6,8,14,20,0,Playoffs,5,0,1,1,4,1
Doug Weight,08-09,"New York Islanders""A""",NHL,53,10,28,38,55,-15,,,,,,,
Doug Weight,09-10,"New York Islanders""C""",NHL,36,1,16,17,8,-1,,,,,,,
Doug Weight,10-11,"New York Islanders""C""",NHL,18,2,7,9,10,-3,,,,,,,
Zigmund Pálffy,90-91,AC/HC Nitra,Czechoslovakia,50,34,16,50,18,-,,,,,,,
Zigmund Pálffy,,Czechoslovakia U20,WJC-20,7,7,6,13,2,-,,,,,,,
Zigmund Pálffy,,Czechoslovakia U20,WJC-20,7,7,6,13,2,-,,,,,,,
Zigmund Pálffy,91-92,HK Dukla Trencin,Czechoslovakia,32,23,25,48,-,-,Playoffs,13,18,8,26,-,-
Zigmund Pálffy,,Czechoslovakia U20,WJC-20,6,3,1,4,6,-,,,,,,,
Zigmund Pálffy,,Czechoslovakia U20,WJC-20,6,3,1,4,6,-,,,,,,,
Zigmund Pálffy,,Czechoslovakia,CC,4,1,0,1,2,-1,,,,,,,
Zigmund Pálffy,,Czechoslovakia (all),International,11,1,-,-,-,-,,,,,,,
Zigmund Pálffy,92-93,HK Dukla Trencin,Czechoslovakia,43,38,41,79,-,-,,,,,,,
Zigmund Pálffy,93-94,New York Islanders,NHL,5,0,0,0,0,-6,,,,,,,
Zigmund Pálffy,,Salt Lake Golden Eagles,IHL,57,25,32,57,83,1,,,,,,,
Zigmund Pálffy,,Slovakia,OG,8,3,7,10,8,-,,,,,,,
Zigmund Pálffy,,Slovakia,OG,8,3,7,10,8,-,,,,,,,
Zigmund Pálffy,,Slovakia,OG,8,3,7,10,8,-,,,,,,,
Zigmund Pálffy,94-95,New York Islanders,NHL,33,10,7,17,6,3,,,,,,,
Zigmund Pálffy,,Denver Grizzlies,IHL,33,20,23,43,40,8,,,,,,,
Zigmund Pálffy,95-96,New York Islanders,NHL,81,43,44,87,56,-17,,,,,,,
Zigmund Pálffy,,Slovakia,WC,5,2,0,2,10,-1,,,,,,,
Zigmund Pálffy,,Slovakia,WC,5,2,0,2,10,-1,,,,,,,
Zigmund Pálffy,,Slovakia,WC,5,2,0,2,10,-1,,,,,,,
Zigmund Pálffy,96-97,HK Dukla Trencin,Slovakia,1,0,0,0,-,-,,,,,,,
Zigmund Pálffy,,"New York Islanders""A""",NHL,80,48,42,90,43,21,,,,,,,
Zigmund Pálffy,,Slovakia,WCup,3,1,2,3,2,-2,,,,,,,
Zigmund Pálffy,97-98,"New York Islanders""A""",NHL,82,45,42,87,34,-2,,,,,,,
Zigmund Pálffy,98-99,"New York Islanders""A""",NHL,50,22,28,50,34,-6,,,,,,,
Zigmund Pálffy,,HK 36 Skalica,Slovakia,9,11,8,19,6,-,,,,,,,
Zigmund Pálffy,,Slovakia,WC,6,5,5,10,6,0,,,,,,,
Zigmund Pálffy,,Slovakia,WC,6,5,5,10,6,0,,,,,,,
Zigmund Pálffy,,Slovakia,WC,6,5,5,10,6,0,,,,,,,
Zigmund Pálffy,99-00,Los Angeles Kings,NHL,64,27,39,66,32,18,Playoffs,4,2,0,2,0,0
Zigmund Pálffy,00-01,Los Angeles Kings,NHL,73,38,51,89,20,22,Playoffs,13,3,5,8,8,0
Zigmund Pálffy,01-02,Los Angeles Kings,NHL,63,32,27,59,26,5,Playoffs,7,4,5,9,0,4
Zigmund Pálffy,,Slovakia,OG,1,0,0,0,0,-1,,,,,,,
Zigmund Pálffy,,Slovakia,OG,1,0,0,0,0,-1,,,,,,,
Zigmund Pálffy,,Slovakia,OG,1,0,0,0,0,-1,,,,,,,
Zigmund Pálffy,,"Slovakia""A""",WC,3,1,6,7,2,5,,,,,,,
Zigmund Pálffy,,"Slovakia""A""",WC,3,1,6,7,2,5,,,,,,,
Zigmund Pálffy,,Slovakia (all),International,4,1,6,7,2,4,,,,,,,
Zigmund Pálffy,,Slovakia (all),International,4,1,6,7,2,4,,,,,,,
Zigmund Pálffy,02-03,Los Angeles Kings,NHL,76,37,48,85,47,22,,,,,,,
Zigmund Pálffy,,Slovakia,WC,9,7,8,15,18,9,,,,,,,
Zigmund Pálffy,,Slovakia,WC,9,7,8,15,18,9,,,,,,,
Zigmund Pálffy,,Slovakia,WC,9,7,8,15,18,9,,,,,,,
Zigmund Pálffy,03-04,"Los Angeles Kings""A""",NHL,35,16,25,41,12,18,,,,,,,
Zigmund Pálffy,04-05,HK 36 SkalicaLockout,Slovakia,8,10,3,13,6,5,,,,,,,
Zigmund Pálffy,,"HC Slavia Praha""A""Lockout",Czechia,41,21,19,40,30,8,Playoffs,7,5,2,7,2,-2
Zigmund Pálffy,,"Slovakia""A""",WC,7,5,4,9,10,1,,,,,,,
Zigmund Pálffy,,"Slovakia""A""",WC,7,5,4,9,10,1,,,,,,,
Zigmund Pálffy,05-06,Pittsburgh Penguins,NHL,42,11,31,42,12,5,,,,,,,
Zigmund Pálffy,06-07,Did not play,-,-,-,-,-,-,-,,,,,,,
Zigmund Pálffy,07-08,HK 36 Skalica,Slovakia,47,30,46,76,93,48,Playoffs,13,7,17,24,26,19
Zigmund Pálffy,08-09,HK 36 Skalica,Slovakia,53,52,47,99,46,75,Playoffs,17,12,15,27,12,25
Zigmund Pálffy,09-10,"HK 36 Skalica""C""",Slovakia,36,17,36,53,28,38,Playoffs,6,6,6,12,18,7
Zigmund Pálffy,,Slovakia,OG,7,0,3,3,8,-1,,,,,,,
Zigmund Pálffy,,Slovakia,OG,7,0,3,3,8,-1,,,,,,,
Zigmund Pálffy,,Slovakia,OG,7,0,3,3,8,-1,,,,,,,
Zigmund Pálffy,,Slovakia (all),International,10,2,4,6,-,-,,,,,,,
Zigmund Pálffy,,Slovakia (all),International,10,2,4,6,-,-,,,,,,,
Zigmund Pálffy,10-11,Did not play,-,-,-,-,-,-,-,,,,,,,
Zigmund Pálffy,11-12,"HK 36 Skalica""C""",Slovakia,48,26,57,83,76,61,Playoffs,6,3,4,7,6,1
Zigmund Pálffy,12-13,"HK 36 Skalica""C""",Slovakia,39,26,47,73,103,40,Playoffs,7,3,5,8,2,6
Peter Forsberg,88-89,MoDo Hockey J18,J18 Elit,-,-,-,-,-,-,,,,,,,
Peter Forsberg,,Sweden U16 (all),International-Jr,3,0,0,0,0,-,,,,,,,
Peter Forsberg,89-90,MoDo Hockey J20,Juniorserien,30,15,12,27,42,-,,,,,,,
Peter Forsberg,,MoDo Hockey,Allsvenskan D1,1,0,1,1,4,-,,,,,,,
Peter Forsberg,,Sweden U17 (all),International-Jr,5,3,7,10,-,-,,,,,,,
Peter Forsberg,90-91,MoDo Hockey J20,Juniorserien,39,38,64,102,56,-,,,,,,,
Peter Forsberg,,MoDo Hockey,Elitserien,23,7,10,17,22,-,,,,,,,
Peter Forsberg,,Sweden U18,EJC-18,6,5,12,17,16,-,,,,,,,
Peter Forsberg,,Sweden U18 (all),International-Jr,9,6,14,20,-,-,,,,,,,
Peter Forsberg,91-92,MoDo Hockey,Elitserien,39,9,19,28,78,-,,,,,,,
Peter Forsberg,,Sweden U20,WJC-20,7,3,8,11,30,-,,,,,,,
Peter Forsberg,,Sweden U20,WJC-20,7,3,8,11,30,-,,,,,,,
Peter Forsberg,,Sweden U20 (all),International-Jr,9,3,9,12,-,-,,,,,,,
Peter Forsberg,,Sweden U20 (all),International-Jr,9,3,9,12,-,-,,,,,,,
Peter Forsberg,,Sweden B (all),International,2,2,2,4,-,-,,,,,,,
Peter Forsberg,,Sweden,WC,8,4,2,6,6,-,,,,,,,
Peter Forsberg,,Sweden,WC,8,4,2,6,6,-,,,,,,,
Peter Forsberg,,Sweden,WC,8,4,2,6,6,-,,,,,,,
Peter Forsberg,,Sweden,WC,8,4,2,6,6,-,,,,,,,
Peter Forsberg,,Sweden (all),International,14,4,2,6,14,-,,,,,,,
Peter Forsberg,,Sweden (all),International,14,4,2,6,14,-,,,,,,,
Peter Forsberg,,Sweden (all),International,14,4,2,6,14,-,,,,,,,
Peter Forsberg,,Sweden (all),International,14,4,2,6,14,-,,,,,,,
Peter Forsberg,,Sweden (all),International,14,4,2,6,14,-,,,,,,,
Peter Forsberg,,Sweden (all),International,14,4,2,6,14,-,,,,,,,
Peter Forsberg,,Sweden (all),International,14,4,2,6,14,-,,,,,,,
Peter Forsberg,,Sweden (all),International,14,4,2,6,14,-,,,,,,,
Peter Forsberg,,Sweden (all),International,14,4,2,6,14,-,,,,,,,
Peter Forsberg,92-93,MoDo Hockey,Elitserien,39,23,24,47,92,-,Playoffs,3,4,1,5,0,-
Peter Forsberg,,MoDo Hockey J20,Juniorallsvenskan,2,0,3,3,4,-,,,,,,,
Peter Forsberg,,Sweden U20,WJC-20,7,7,24,31,8,14,,,,,,,
Peter Forsberg,,Sweden U20,WJC-20,7,7,24,31,8,14,,,,,,,
Peter Forsberg,,Sweden U20 (all),International-Jr,7,7,24,31,8,-,,,,,,,
Peter Forsberg,,Sweden U20 (all),International-Jr,7,7,24,31,8,-,,,,,,,
Peter Forsberg,,Sweden,WC,8,1,1,2,12,1,,,,,,,
Peter Forsberg,,Sweden,WC,8,1,1,2,12,1,,,,,,,
Peter Forsberg,,Sweden,WC,8,1,1,2,12,1,,,,,,,
Peter Forsberg,,Sweden,WC,8,1,1,2,12,1,,,,,,,
Peter Forsberg,,Sweden (all),International,19,2,10,12,24,-,,,,,,,
Peter Forsberg,,Sweden (all),International,19,2,10,12,24,-,,,,,,,
Peter Forsberg,,Sweden (all),International,19,2,10,12,24,-,,,,,,,
Peter Forsberg,,Sweden (all),International,19,2,10,12,24,-,,,,,,,
Peter Forsberg,,Sweden (all),International,19,2,10,12,24,-,,,,,,,
Peter Forsberg,,Sweden (all),International,19,2,10,12,24,-,,,,,,,
Peter Forsberg,,Sweden (all),International,19,2,10,12,24,-,,,,,,,
Peter Forsberg,,Sweden (all),International,19,2,10,12,24,-,,,,,,,
Peter Forsberg,,Sweden (all),International,19,2,10,12,24,-,,,,,,,
Peter Forsberg,93-94,MoDo Hockey,Elitserien,39,18,26,44,82,-,Playoffs,11,9,7,16,14,-
Peter Forsberg,,Sweden,OG,8,1,6,7,6,-,,,,,,,
Peter Forsberg,,Sweden,OG,8,1,6,7,6,-,,,,,,,
Peter Forsberg,,Sweden,OG,8,1,6,7,6,-,,,,,,,
Peter Forsberg,,Sweden,OG,8,1,6,7,6,-,,,,,,,
Peter Forsberg,,Sweden (all),International,19,2,9,11,10,-,,,,,,,
Peter Forsberg,,Sweden (all),International,19,2,9,11,10,-,,,,,,,
Peter Forsberg,,Sweden (all),International,19,2,9,11,10,-,,,,,,,
Peter Forsberg,,Sweden (all),International,19,2,9,11,10,-,,,,,,,
Peter Forsberg,,Sweden (all),International,19,2,9,11,10,-,,,,,,,
Peter Forsberg,,Sweden (all),International,19,2,9,11,10,-,,,,,,,
Peter Forsberg,,Sweden (all),International,19,2,9,11,10,-,,,,,,,
Peter Forsberg,,Sweden (all),International,19,2,9,11,10,-,,,,,,,
Peter Forsberg,,Sweden (all),International,19,2,9,11,10,-,,,,,,,
Peter Forsberg,94-95,MoDo HockeyLockout,Elitserien,11,5,9,14,20,-,,,,,,,
Peter Forsberg,,Québec Nordiques,NHL,47,15,35,50,16,17,Playoffs,6,2,4,6,4,2
Peter Forsberg,,Sweden (all),International,6,4,6,10,4,-,,,,,,,
Peter Forsberg,,Sweden (all),International,6,4,6,10,4,-,,,,,,,
Peter Forsberg,,Sweden (all),International,6,4,6,10,4,-,,,,,,,
Peter Forsberg,,Sweden (all),International,6,4,6,10,4,-,,,,,,,
Peter Forsberg,,Sweden (all),International,6,4,6,10,4,-,,,,,,,
Peter Forsberg,,Sweden (all),International,6,4,6,10,4,-,,,,,,,
Peter Forsberg,,Sweden (all),International,6,4,6,10,4,-,,,,,,,
Peter Forsberg,,Sweden (all),International,6,4,6,10,4,-,,,,,,,
Peter Forsberg,,Sweden (all),International,6,4,6,10,4,-,,,,,,,
Peter Forsberg,95-96,Colorado Avalanche,NHL,82,30,86,116,47,26,Playoffs,22,10,11,21,18,10
Peter Forsberg,96-97,Colorado Avalanche,NHL,65,28,58,86,73,31,Playoffs,14,5,12,17,10,-6
Peter Forsberg,,"Sweden""A""",WCup,4,1,4,5,6,4,,,,,,,
Peter Forsberg,,"Sweden""A""",WCup,4,1,4,5,6,4,,,,,,,
Peter Forsberg,,Sweden (all),International,8,5,3,8,12,-,,,,,,,
Peter Forsberg,,Sweden (all),International,8,5,3,8,12,-,,,,,,,
Peter Forsberg,,Sweden (all),International,8,5,3,8,12,-,,,,,,,
Peter Forsberg,,Sweden (all),International,8,5,3,8,12,-,,,,,,,
Peter Forsberg,,Sweden (all),International,8,5,3,8,12,-,,,,,,,
Peter Forsberg,,Sweden (all),International,8,5,3,8,12,-,,,,,,,
Peter Forsberg,,Sweden (all),International,8,5,3,8,12,-,,,,,,,
Peter Forsberg,,Sweden (all),International,8,5,3,8,12,-,,,,,,,
Peter Forsberg,,Sweden (all),International,8,5,3,8,12,-,,,,,,,
Peter Forsberg,97-98,"Colorado Avalanche""A""",NHL,72,25,66,91,94,6,Playoffs,7,6,5,11,12,3
Peter Forsberg,,Sweden,OG,4,1,5,6,6,5,,,,,,,
Peter Forsberg,,Sweden,OG,4,1,5,6,6,5,,,,,,,
Peter Forsberg,,Sweden,OG,4,1,5,6,6,5,,,,,,,
Peter Forsberg,,Sweden,OG,4,1,5,6,6,5,,,,,,,
Peter Forsberg,,Sweden,WC,7,6,5,11,0,9,,,,,,,
Peter Forsberg,,Sweden,WC,7,6,5,11,0,9,,,,,,,
Peter Forsberg,,Sweden,WC,7,6,5,11,0,9,,,,,,,
Peter Forsberg,,Sweden,WC,7,6,5,11,0,9,,,,,,,
Peter Forsberg,,Sweden (all),International,11,7,10,17,6,-,,,,,,,
Peter Forsberg,,Sweden (all),International,11,7,10,17,6,-,,,,,,,
Peter Forsberg,,Sweden (all),International,11,7,10,17,6,-,,,,,,,
Peter Forsberg,,Sweden (all),International,11,7,10,17,6,-,,,,,,,
Peter Forsberg,,Sweden (all),International,11,7,10,17,6,-,,,,,,,
Peter Forsberg,,Sweden (all),International,11,7,10,17,6,-,,,,,,,
Peter Forsberg,,Sweden (all),International,11,7,10,17,6,-,,,,,,,
Peter Forsberg,,Sweden (all),International,11,7,10,17,6,-,,,,,,,
Peter Forsberg,,Sweden (all),International,11,7,10,17,6,-,,,,,,,
Peter Forsberg,98-99,"Colorado Avalanche""A""",NHL,78,30,67,97,108,27,Playoffs,19,8,16,24,31,7
Peter Forsberg,99-00,"Colorado Avalanche""A""",NHL,49,14,37,51,52,9,Playoffs,16,7,8,15,12,9
Peter Forsberg,00-01,"Colorado Avalanche""A""",NHL,73,27,62,89,54,23,Playoffs,11,4,10,14,6,5
Peter Forsberg,01-02,"Colorado Avalanche""A""",NHL,0,0,0,0,0,-,Playoffs,20,9,18,27,20,8
Peter Forsberg,02-03,"Colorado Avalanche""A""",NHL,75,29,77,106,70,52,Playoffs,7,2,6,8,6,3
Peter Forsberg,,"Sweden""A""",WC,8,4,5,9,6,5,,,,,,,
Peter Forsberg,03-04,"Colorado Avalanche""A""",NHL,39,18,37,55,28,16,Playoffs,11,4,7,11,12,6
Peter Forsberg,,Sweden,WC,2,0,1,1,2,0,,,,,,,
Peter Forsberg,,Sweden,WC,2,0,1,1,2,0,,,,,,,
Peter Forsberg,,Sweden,WC,2,0,1,1,2,0,,,,,,,
Peter Forsberg,,Sweden,WC,2,0,1,1,2,0,,,,,,,
Peter Forsberg,,Sweden (all),International,7,1,3,4,2,-,,,,,,,
Peter Forsberg,,Sweden (all),International,7,1,3,4,2,-,,,,,,,
Peter Forsberg,,Sweden (all),International,7,1,3,4,2,-,,,,,,,
Peter Forsberg,,Sweden (all),International,7,1,3,4,2,-,,,,,,,
Peter Forsberg,,Sweden (all),International,7,1,3,4,2,-,,,,,,,
Peter Forsberg,,Sweden (all),International,7,1,3,4,2,-,,,,,,,
Peter Forsberg,,Sweden (all),International,7,1,3,4,2,-,,,,,,,
Peter Forsberg,,Sweden (all),International,7,1,3,4,2,-,,,,,,,
Peter Forsberg,,Sweden (all),International,7,1,3,4,2,-,,,,,,,
Peter Forsberg,04-05,"MODO Hockey""A""Lockout",Elitserien,33,13,26,39,88,14,Playoffs,1,0,0,0,2,0
Peter Forsberg,,"Sweden""A""",WCup,4,1,2,3,0,-6,,,,,,,
Peter Forsberg,,"Sweden""A""",WCup,4,1,2,3,0,-6,,,,,,,
Peter Forsberg,05-06,Philadelphia Flyers,NHL,60,19,56,75,46,21,Playoffs,6,4,4,8,6,2
Peter Forsberg,,Sweden,OG,6,0,6,6,0,1,,,,,,,
Peter Forsberg,,Sweden,OG,6,0,6,6,0,1,,,,,,,
Peter Forsberg,,Sweden,OG,6,0,6,6,0,1,,,,,,,
Peter Forsberg,,Sweden,OG,6,0,6,6,0,1,,,,,,,
Peter Forsberg,,Sweden (all),International,6,0,6,6,0,1,,,,,,,
Peter Forsberg,,Sweden (all),International,6,0,6,6,0,1,,,,,,,
Peter Forsberg,,Sweden (all),International,6,0,6,6,0,1,,,,,,,
Peter Forsberg,,Sweden (all),International,6,0,6,6,0,1,,,,,,,
Peter Forsberg,,Sweden (all),International,6,0,6,6,0,1,,,,,,,
Peter Forsberg,,Sweden (all),International,6,0,6,6,0,1,,,,,,,
Peter Forsberg,,Sweden (all),International,6,0,6,6,0,1,,,,,,,
Peter Forsberg,,Sweden (all),International,6,0,6,6,0,1,,,,,,,
Peter Forsberg,,Sweden (all),International,6,0,6,6,0,1,,,,,,,
Peter Forsberg,06-07,"Philadelphia Flyers""C""",NHL,40,11,29,40,72,2,,,,,,,
Peter Forsberg,,Nashville Predators,NHL,17,2,13,15,16,5,Playoffs,5,2,2,4,12,2
Peter Forsberg,07-08,Colorado Avalanche,NHL,9,1,13,14,8,7,Playoffs,7,1,4,5,14,3
Peter Forsberg,08-09,MODO Hockey,Elitserien,3,1,2,3,0,4,,,,,,,
Peter Forsberg,09-10,MODO Hockey,Elitserien,23,11,19,30,66,11,,,,,,,
Peter Forsberg,,Sweden,OG,4,0,1,1,2,0,,,,,,,
Peter Forsberg,,Sweden,OG,4,0,1,1,2,0,,,,,,,
Peter Forsberg,,Sweden,OG,4,0,1,1,2,0,,,,,,,
Peter Forsberg,,Sweden,OG,4,0,1,1,2,0,,,,,,,
Peter Forsberg,,Sweden (all),International,7,0,1,1,2,-1,,,,,,,
Peter Forsberg,,Sweden (all),International,7,0,1,1,2,-1,,,,,,,
Peter Forsberg,,Sweden (all),International,7,0,1,1,2,-1,,,,,,,
Peter Forsberg,,Sweden (all),International,7,0,1,1,2,-1,,,,,,,
Peter Forsberg,,Sweden (all),International,7,0,1,1,2,-1,,,,,,,
Peter Forsberg,,Sweden (all),International,7,0,1,1,2,-1,,,,,,,
Peter Forsberg,,Sweden (all),International,7,0,1,1,2,-1,,,,,,,
Peter Forsberg,,Sweden (all),International,7,0,1,1,2,-1,,,,,,,
Peter Forsberg,,Sweden (all),International,7,0,1,1,2,-1,,,,,,,
Peter Forsberg,10-11,Colorado Avalanche,NHL,2,0,0,0,4,-4,,,,,,,
