player_id,player_name_official,player_pos_official,tier
1.0,Joe Sakic,C,1
2.0,Peter Forsberg,C,1
3.0,Milan Hejduk,RW,1
4.0,Alex Tanguay,LW,2
5.0,Chris Drury,C,2
7.0,Shjon Podein,LW,3
8.0,Adam Deadmarsh,RW,2
10.0,Ville Nieminen,LW,3
12.0,Dan Hinote,RW,3
15.0,Stephane Yelle,C,2
17.0,Eric Messier,LW,4
19.0,Dave Reid,LW,2
20.0,Steve Reinprecht,C,3
21.0,Scott Parker,RW,3
24.0,Chris Dingman,LW,3
30.0,Brad Larsen,LW,4
31.0,Radim Vrbata,RW,2
32.0,Brian Willsie,RW,4
34.0,Mike Keane,RW,3
35.0,Riku Hahl,C,4
36.0,Vaclav Nedorost,C,4
42.0,Steve Moore,C,4
45.0,Dean McAmmond,C,3
46.0,Serge Aubin,C,4
47.0,Jeff Shantz,C,3
48.0,Bates Battaglia,LW,4
51.0,Chris McAllister,LW,3
55.0,Steve Konowalchuk,LW,2
56.0,Paul Kariya,LW,1
58.0,Teemu Selanne,RW,1
60.0,Andrei Nikolishin,C,3
61.0,Matthew Barnaby,RW,3
63.0,Cody McCormick,C,4
64.0,Peter Worrell,LW,3
65.0,Darby Hendrickson,C,4
66.0,Chris Gratton,C,3
67.0,Jim Cummins,RW,3
68.0,Marek Svatos,RW,3
75.0,Andrew Brunette,LW,2
76.0,Pierre Turgeon,C,1
77.0,Ian Laperriere,RW,3
78.0,Brett McLean,C,4
80.0,Antti Laaksonen,LW,3
81.0,Brad Richardson,RW,3
82.0,Brad May,LW,3
83.0,Wojtek Wolski,LW,3
84.0,Jim Dowd,C,3
85.0,Paul Healey,RW,4
86.0,Paul Stastny,C,2
87.0,Tyler Arnason,C,4
89.0,Mark Rycroft,RW,4
90.0,Ben Guite,RW,4
94.0,George Parros,RW,3
95.0,Ryan Smyth,LW,2
98.0,T.J. Hensick,C,4
99.0,Cody McLeod,LW,3
101.0,David Jones,RW,3
102.0,Wyatt Smith,C,4
104.0,Chris Stewart,RW,3
105.0,Darcy Tucker,RW,3
106.0,TJ Galiardi,LW,4
109.0,Chris Durno,LW,4
112.0,Matt Hendricks,C,4
115.0,Philippe Dupuis,C,4
118.0,Matt Duchene,C,2
120.0,Ryan O'Reilly,C,1
122.0,Peter Mueller,C,4
123.0,Brandon Yip,RW,4
125.0,Kevin Porter,C,4
127.0,David Koci,LW,3
130.0,Daniel Winnik,LW,4
132.0,Tomas Fleischmann,LW,3
139.0,Jay McClement,C,4
145.0,Gabriel Landeskog,LW,2
148.0,Chuck Kobasew,RW,3
149.0,Jamie McGinn,LW,4
151.0,Steve Downie,RW,3
152.0,Joakim Lindstrom,C,4
153.0,Brad Malone,C,4
157.0,PA Parenteau,RW,3
158.0,John Mitchell,C,4
161.0,Patrick Bordeleau,LW,4
162.0,Tomas Vincour,C,4
164.0,Nathan MacKinnon,C,1
167.0,Max Talbot,C,2
170.0,Marc-Andre Cliche,C,4
172.0,Paul Carey,C,4
173.0,Jarome Iginla,RW,1
176.0,Daniel Brière,C,2
177.0,Dennis Everberg,RW,4
185.0,Jordan Caron,RW,4
186.0,Carl Soderberg,C,3
187.0,Blake Comeau,LW,3
189.0,Mikhail Grigorenko,C,4
190.0,Jack Skille,RW,4
191.0,Mikkel Boedker,LW,3
192.0,Shawn Matthias,LW,4
193.0,Andreas Martinsen,LW,4
194.0,Chris Wagner,RW,4
200.0,Mikko Rantanen,RW,2
201.0,Rene Bourque,RW,3
202.0,Sven Andrighetto,RW,4
205.0,Matt Nieto,LW,2
207.0,Joe Colborne,C,4
208.0,J.T. Compher,LW,3
211.0,Tyson Jost,C,4
212.0,Rocco Grimaldi,RW,3
213.0,A.J. Greer,LW,4
214.0,Ben Smith,RW,4
215.0,Gabriel Bourque,LW,4
217.0,Alexander Kerfoot,C,3
219.0,Colin Wilson,C,3
220.0,Nail Yakupov,RW,4
224.0,Dominic Toninato,C,4
227.0,Matt Calvert,LW,2
229.0,Sheldon Dries,C,4
231.0,Derick Brassard,C,2
232.0,Logan O'Connor,RW,3
235.0,Andre Burakovsky,LW,3
236.0,Nazem Kadri,C,2
237.0,Joonas Donskoi,RW,3
238.0,Valeri Nichushkin,RW,2
239.0,Pierre-Edouard Bellemare,LW,3
240.0,Vladislav Namestnikov,C,3
246.0,Jayson Megna,C,4
248.0,Brandon Saad,LW,2
250.0,Alex Newhook,C,4
251.0,Liam O'Brien,C,3
252.0,Kiefer Sherwood,LW,4
259.0,Nicolas Aube-Kubel,RW,4
260.0,Darren Helm,C,3
261.0,Artturi Lehkonen,LW,2
264.0,Kurtis MacDermid,LW,3
266.0,Nico Sturm,C,4
269.0,Andrew Cogliano,C,2
275.0,Evan Rodrigues,C,3
276.0,Denis Malgin,C,4
278.0,Lars Eller,C,2
280.0,Dryden Hunt,LW,4
284.0,Lukas Sedlak,C,4
285.0,Charles Hudon,LW,4
287.0,Alex Galchenyuk,C,3
289.0,Jonathan Drouin,LW,2
290.0,Ross Colton,C,3
291.0,Miles Wood,LW,4
292.0,Ryan Johansen,C,2
293.0,Zach Parise,LW,1
294.0,Casey Mittelstadt,C,3
296.0,Joel Kiviranta,LW,4
297.0,Fredrik Olofsson,LW,4
298.0,Tomas Tatar,LW,3
300.0,Brandon Duhaime,RW,4
302.0,Yakov Trenin,C,4
306.0,Martin Necas,C,3
307.0,Brock Nelson,C,2
308.0,Parker Kelly,C,4
309.0,Jack Drury,C,4
317.0,Steve Sullivan,LW,2
318.0,Tony Amonte,RW,1
319.0,Michael Nylander,C,2
320.0,Eric Daze,LW,3
321.0,Alexei Zhamnov,C,2
322.0,Chris Herperger,LW,4
325.0,Bob Probert,LW,3
327.0,Kyle Calder,LW,3
330.0,Steve Dubinsky,RW,4
331.0,Jean-Yves Leroux,LW,4
332.0,Valeri Zelepukin,LW,3
333.0,Ryan Vandenbussche,RW,3
340.0,Blair Atcheynum,RW,4
341.0,Josef Marha,C,4
342.0,Kris King,LW,3
344.0,Mark Bell,C,4
345.0,Aaron Downey,RW,3
347.0,Mark Janssens,C,3
349.0,Igor Korolev,C,4
350.0,Steve Thomas,RW,2
352.0,Peter White,C,4
353.0,Tom Fitzgerald,RW,2
354.0,Jim Campbell,RW,3
358.0,Pascal Rheaume,C,4
360.0,Theo Fleury,RW,1
361.0,Sergei Berezin,LW,2
363.0,Chris Simon,LW,3
364.0,Mike Eastwood,C,3
367.0,Shawn Thornton,LW,3
370.0,Garry Valk,LW,3
371.0,Louie Debrusk,LW,3
373.0,Tuomo Ruutu,LW,3
374.0,Scott Nichol,C,3
379.0,Travis Moen,LW,2
382.0,Eric Nickulas,RW,3
390.0,Martin Lapointe,RW,3
391.0,Patrick Sharp,LW,2
393.0,Michael Holmqvist,C,4
395.0,Curtis Brown,C,2
396.0,Andy Hilbert,LW,4
409.0,Martin Havlat,RW,2
410.0,Jeff Hamilton,C,4
411.0,Bryan Smolinski,C,2
412.0,Denis Arkhipov,C,4
413.0,Tony Salmelainen,LW,4
414.0,Peter Bondra,RW,1
415.0,Michal Handzus,C,2
416.0,Jason Williams,C,3
417.0,Craig MacDonald,C,4
419.0,Bryan Bickell,LW,3
420.0,Nikita Alexeev,RW,4
423.0,Colin Fraser,C,4
424.0,Dave Bolland,C,2
425.0,Reed Low,RW,3
426.0,Adam Burish,RW,4
428.0,Troy Brouwer,RW,2
429.0,Patrick Kane,RW,1
430.0,Jonathan Toews,C,1
431.0,Robert Lang,C,2
433.0,Yanic Perreault,C,2
434.0,Andrew Ladd,LW,2
435.0,Craig Adams,RW,3
438.0,Kris Versteeg,RW,2
441.0,Sergei Samsonov,LW,2
442.0,Jake Dowell,C,4
443.0,Ben Eager,LW,3
444.0,Kevyn Adams,C,3
450.0,Samuel Pahlsson,C,3
451.0,Tim Brent,C,4
453.0,Marian Hossa,RW,1
454.0,John Madden,C,2
455.0,Tomas Kopecky,RW,3
457.0,Andrew Ebbett,C,4
460.0,Viktor Stalberg,LW,4
461.0,Fernando Pisani,RW,3
462.0,Michael Frolik,RW,3
465.0,Ryan Johnson,C,4
467.0,John Scott,LW,3
468.0,Jeff Taffe,LW,4
469.0,Rob Klinkhammer,LW,4
470.0,Brandon Pirri,C,3
471.0,Ryan Potulny,C,4
472.0,Marcus Kruger,C,4
473.0,Andrew Shaw,RW,3
474.0,Jamal Mayers,RW,3
476.0,Daniel Carcillo,LW,3
477.0,Jimmy Hayes,RW,3
482.0,Rostislav Olesz,LW,4
483.0,Brendan Morrison,C,2
484.0,Brandon Bollig,LW,4
490.0,Peter Regin,C,4
492.0,Joakim Nordstrom,C,4
495.0,Teuvo Teravainen,C,2
497.0,Brad Richards,C,1
498.0,Antoine Vermette,C,2
500.0,Andrew Desjardins,LW,4
504.0,Phillip Danault,C,2
506.0,Ryan Hartman,RW,3
509.0,Artemi Panarin,LW,1
510.0,Artem Anisimov,C,3
511.0,Richard Panik,RW,3
512.0,Nick Schmaltz,C,3
513.0,Tanner Kero,C,4
514.0,Vinnie Hinostroza,C,4
515.0,Dennis Rasmussen,C,4
517.0,Tyler Motte,C,4
519.0,John Hayden,C,4
520.0,Jordin Tootoo,RW,3
521.0,Tomas Jurco,RW,4
523.0,Alex DeBrincat,RW,2
528.0,Tommy Wingels,C,4
529.0,David Kampf,C,3
530.0,Lance Bouma,LW,4
531.0,Anthony Duclair,LW,3
534.0,Matthew Highmore,C,4
537.0,Dylan Strome,C,3
538.0,Dominik Kahun,C,3
539.0,Brendan Perlini,LW,4
540.0,Drake Caggiula,LW,4
542.0,Chris Kunitz,LW,2
549.0,Dominik Kubalik,LW,3
550.0,Alex Nylander,LW,4
551.0,Kirby Dach,C,4
553.0,Ryan Carpenter,C,4
555.0,Zack Smith,C,3
559.0,Brandon Hagel,LW,3
563.0,Pius Suter,C,4
564.0,Mattias Janmark,C,2
565.0,Philipp Kurashev,C,4
568.0,Adam Gaudette,RW,4
570.0,Lucas Wallmark,C,4
571.0,MacKenzie Entwistle,RW,4
572.0,Brett Connolly,RW,3
576.0,Reese Johnson,C,4
579.0,Sam Lafferty,C,4
580.0,Taylor Raddysh,RW,4
581.0,Henrik Borgstrom,C,4
582.0,Tyler Johnson,C,2
583.0,Jujhar Khaira,LW,4
585.0,Boris Katchouk,LW,4
586.0,Lukas Reichel,LW,4
591.0,Max Domi,C,3
592.0,Andreas Athanasiou,C,3
593.0,Jason Dickinson,C,4
594.0,Colin Blackwell,C,4
595.0,Anders Bjork,LW,4
598.0,Joey Anderson,RW,4
603.0,Austin Wagner,LW,4
605.0,Brett Seney,LW,4
607.0,Connor Bedard,C,4
608.0,Nick Foligno,LW,2
609.0,Ryan Donato,C,3
611.0,Corey Perry,RW,1
612.0,Anthony Beauvillier,LW,3
613.0,Taylor Hall,LW,2
615.0,Zachary Sanford,LW,4
618.0,Frank Nazar,C,4
620.0,Rem Pitlick,C,4
621.0,Tyler Bertuzzi,LW,3
622.0,Ilya Mikheyev,RW,4
629.0,Geoff Sanderson,LW,2
630.0,Espen Knutsen,C,4
631.0,Steve Heinze,RW,2
632.0,Tyler Wright,C,4
633.0,David Vyborny,RW,4
635.0,Bruce Gardiner,RW,4
636.0,Robert Kron,C,3
637.0,Alexander Selivanov,RW,3
639.0,Kevin Dineen,RW,2
646.0,Ray Whitney,LW,2
648.0,Steve Maltais,LW,4
652.0,Krzysztof Oliwa,LW,3
654.0,Blake Sloan,RW,4
655.0,Ted Drury,C,4
657.0,Jody Shelley,LW,3
661.0,Mathieu Darche,LW,4
662.0,Mike Sillinger,C,2
663.0,Grant Marshall,RW,3
664.0,Brett Harkins,LW,4
665.0,Sean Pronger,C,4
671.0,David Ling,RW,3
672.0,Andrew Cassels,C,2
673.0,Rick Nash,LW,1
674.0,Lasse Pirjeta,LW,4
677.0,Tomi Kallio,RW,4
683.0,Nikolay Zherdev,RW,3
684.0,Todd Marchant,C,2
685.0,Trevor Letowski,RW,3
686.0,Manny Malhotra,C,4
688.0,Alexander Svitov,C,4
690.0,Tim Jackman,RW,4
693.0,Brian Holzinger,C,3
694.0,Dan Fritsche,C,4
695.0,Jeremy Reich,C,4
699.0,Sergei Fedorov,C,1
700.0,Jan Hrdina,C,3
701.0,Jason Chimera,LW,3
702.0,Jaroslav Balastik,LW,4
705.0,Mike Rupp,LW,3
707.0,Gilbert Brule,C,4
713.0,Benjamin Simon,LW,4
716.0,Freddy Modin,LW,2
717.0,Anson Carter,RW,3
721.0,Zenon Konopka,C,4
722.0,Curtis Glencross,LW,3
723.0,Michael Peca,C,2
724.0,Jiri Novotny,C,4
725.0,Andrew Murray,C,4
726.0,Jared Boll,RW,3
728.0,Kris Beech,C,4
730.0,Derek MacKenzie,C,3
733.0,Tom Sestito,LW,3
735.0,Kristian Huselius,LW,3
736.0,R.J. Umberger,C,3
737.0,Jakub Voracek,RW,2
739.0,Raffi Torres,LW,3
741.0,Derek Dorsett,RW,3
743.0,Mike York,LW,3
747.0,Chris Clark,RW,3
756.0,Scottie Upshall,RW,3
757.0,Ethan Moreau,LW,3
761.0,Vinny Prospal,LW,2
763.0,Jeff Carter,C,2
764.0,Mark Letestu,C,3
765.0,Cam Atkinson,RW,2
767.0,Colton Gillies,C,4
769.0,Darryl Boyce,C,4
777.0,Brandon Dubinsky,C,2
778.0,Marian Gaborik,RW,1
779.0,Jonathan Marchessault,RW,2
782.0,Boone Jenner,C,3
783.0,Nathan Horton,RW,2
784.0,Corey Tropp,RW,4
785.0,Matt Frattin,RW,4
787.0,Michael Chaput,C,4
788.0,Ryan Craig,C,4
789.0,Scott Hartnell,LW,2
790.0,Alexander Wennberg,C,3
791.0,Brian Gibbons,C,4
793.0,William Karlsson,C,2
796.0,Josh Anderson,RW,3
797.0,Adam Cracknell,RW,4
798.0,David Clarkson,RW,3
799.0,Dana Tyrell,C,4
800.0,Luke Adam,C,4
801.0,Gregory Campbell,C,3
802.0,Oliver Bjorkstrand,RW,3
803.0,Sonny Milano,LW,4
805.0,Markus Hannikainen,LW,4
807.0,Sam Gagner,C,3
812.0,Lauri Korpikoski,LW,3
813.0,Pierre-Luc Dubois,LW,3
814.0,Thomas Vanek,LW,2
816.0,Jussi Jokinen,LW,2
818.0,Eric Robinson,LW,4
819.0,Nathan Gerbe,C,4
821.0,Zac Dalpe,C,4
822.0,Ryan Dzingel,C,4
823.0,Riley Nash,C,4
825.0,Alexandre Texier,LW,3
827.0,Kevin Stenlund,C,4
828.0,Gustav Nyquist,RW,2
829.0,Emil Bemstrom,C,4
833.0,Devin Shore,C,4
834.0,Liam Foudy,C,4
837.0,Jack Roslovic,C,3
838.0,Patrik Laine,LW,3
841.0,Mikko Koivu,C,2
844.0,Cole Sillinger,C,4
845.0,Sean Kuraly,C,4
847.0,Justin Danforth,RW,4
848.0,Yegor Chinakhov,RW,4
849.0,Brendan Gaunce,C,4
853.0,Kent Johnson,C,4
856.0,Johnny Gaudreau,LW,2
857.0,Kirill Marchenko,RW,4
858.0,Mathieu Olivier,RW,4
867.0,Mikael Pyyhtia,LW,4
872.0,Dmitri Voronkov,LW,4
875.0,Adam Fantilli,C,4
880.0,Sean Monahan,C,2
881.0,Charlie Coyle,C,2
883.0,Zachary Aston-Reese,C,4
887.0,Scott Young,RW,2
890.0,Pavol Demitra,RW,1
891.0,Jochen Hecht,C,2
892.0,Dallas Drake,RW,2
893.0,Craig Conroy,C,2
895.0,Ladislav Nagy,LW,3
896.0,Tyson Nash,LW,3
897.0,Daniel Corso,C,4
898.0,Lubos Bartecko,LW,4
899.0,Marty Reasoner,C,4
903.0,Scott Mellanby,RW,2
904.0,Keith Tkachuk,LW,2
905.0,Cory Stillman,LW,2
908.0,Reid Simpson,LW,3
910.0,Eric Boguniecki,C,4
915.0,Doug Weight,C,2
916.0,Sergei Varlamov,LW,4
917.0,Ray Ferraro,C,2
920.0,Justin Papineau,C,4
922.0,Ted Donato,LW,3
923.0,Petr Cajanek,C,4
924.0,Martin Rucinsky,LW,2
925.0,Steve Martins,C,4
927.0,Valeri Bure,RW,3
929.0,Michael Danton,C,4
931.0,Brian Savage,LW,3
934.0,John Pohl,C,4
936.0,Scott Pellerin,LW,3
941.0,Lee Stempniak,RW,3
946.0,Vladimir Orszagh,LW,4
947.0,Jeff Hoggan,RW,4
949.0,Trent Whitfield,C,4
953.0,Mike Zigomanis,C,4
956.0,Jesse Boulerice,RW,3
957.0,Bill Guerin,RW,2
958.0,Radek Dvorak,RW,2
959.0,David Backes,RW,2
960.0,Brad Boyes,RW,3
961.0,Glen Metropolit,C,4
963.0,DJ King,LW,3
965.0,Joel Perrault,C,4
968.0,Andy McDonald,C,2
969.0,David Perron,LW,2
971.0,Mike Johnson,RW,3
973.0,Cam Janssen,RW,3
975.0,Patrik Berglund,C,3
976.0,T.J. Oshie,RW,2
978.0,Alexander Steen,LW,2
979.0,Brad Winchester,LW,4
980.0,B.J. Crombeen,RW,4
985.0,Chris Porter,LW,4
989.0,Derek Armstrong,C,4
990.0,Matt D'Agostini,RW,4
991.0,Vladimir Sobotka,C,4
992.0,Ryan Reaves,RW,3
995.0,Dave Scatchard,C,3
997.0,Jason Arnott,C,2
998.0,Jamie Langenbrunner,RW,2
1001.0,Jaden Schwartz,C,2
1004.0,Vladimir Tarasenko,RW,1
1007.0,Dmitrij Jaskin,RW,4
1008.0,Derek Roy,C,2
1009.0,Brenden Morrow,LW,3
1010.0,Maxim Lapierre,C,3
1011.0,Magnus Paajarvi,LW,4
1012.0,Steve Ott,C,3
1013.0,Keith Aucoin,C,4
1014.0,Ty Rattie,RW,4
1015.0,Jori Lehtera,C,4
1020.0,Olli Jokinen,C,2
1021.0,Marcel Goc,C,4
1023.0,Robby Fabbri,C,3
1025.0,Kyle Brodziak,C,3
1027.0,Scott Gomez,C,2
1029.0,Ivan Barbashev,C,3
1033.0,Brayden Schenn,C,2
1035.0,Tage Thompson,C,4
1036.0,Chris Thorburn,RW,4
1037.0,Oskar Sundqvist,C,3
1038.0,Sammy Blais,LW,4
1039.0,Nikita Soshnikov,RW,4
1042.0,Beau Bennett,RW,4
1043.0,Tyler Bozak,C,3
1044.0,Robert Thomas,C,3
1045.0,Patrick Maroon,LW,3
1046.0,Mackenzie MacEachern,LW,4
1047.0,Jordan Kyrou,RW,3
1048.0,Jordan Nolan,C,4
1051.0,Jacob de la Rose,LW,4
1052.0,Nathan Walker,LW,4
1053.0,Klim Kostin,C,4
1059.0,Mike Hoffman,C,2
1061.0,Kyle Clifford,LW,3
1062.0,Dakota Joshua,C,4
1064.0,Pavel Buchnevich,LW,3
1067.0,James Neal,LW,2
1068.0,Alexey Toropchenko,RW,4
1069.0,Jake Neighbours,LW,3
1071.0,Noel Acciari,C,4
1072.0,Tyler Pitlick,C,4
1073.0,Josh Leivo,LW,4
1074.0,Jakub Vrana,LW,3
1075.0,Kasperi Kapanen,RW,3
1082.0,Kevin Hayes,RW,2
1083.0,Zack Bolduc,RW,3
1085.0,Dylan Holloway,LW,4
1088.0,Mathieu Joseph,RW,3
1092.0,Jason Allison,C,2
1093.0,Joe Thornton,C,1
1094.0,Brian Rolston,RW,2
1095.0,Andrei Kovalenko,RW,3
1096.0,Mikko Eloranta,LW,4
1097.0,P.J. Axelsson,LW,4
1098.0,Mike Knuble,RW,2
1099.0,Dixon Ward,LW,2
1107.0,Shawn Bates,C,3
1108.0,Andrei Nazarov,LW,3
1109.0,Ken Belanger,LW,3
1117.0,Andre Savage,C,4
1121.0,Glen Murray,RW,2
1122.0,Jozef Stumpel,LW,2
1123.0,Rob Zamuner,LW,3
1124.0,Benoit Hogue,LW,2
1125.0,Marty Mcinnis,LW,3
1126.0,P.J. Stock,C,3
1128.0,John Emmons,C,4
1129.0,Ivan Huml,LW,4
1135.0,Michal Grosek,LW,3
1141.0,Brantt Myhres,RW,3
1144.0,Patrice Bergeron,C,1
1146.0,Travis Green,C,3
1149.0,Sandy McCarthy,RW,3
1152.0,Colton Orr,RW,3
1153.0,Patrick Leahy,RW,4
1154.0,Marco Sturm,LW,2
1156.0,Brad Isbister,LW,3
1158.0,Wayne Primeau,C,3
1159.0,Shawn McEachern,LW,2
1161.0,Mariusz Czerkawski,RW,3
1162.0,Dan Lacouture,LW,4
1170.0,Marc Savard,C,2
1172.0,Phil Kessel,RW,1
1174.0,Shean Donovan,RW,3
1175.0,Mark Mowers,RW,4
1176.0,Petr Tenkrat,RW,4
1177.0,Stanislav Chistov,RW,4
1186.0,Nate Thompson,C,3
1187.0,David Krejci,C,2
1188.0,Milan Lucic,LW,3
1189.0,Peter Schaefer,LW,3
1190.0,Petteri Nokelainen,C,4
1192.0,Michael Ryder,RW,2
1193.0,Blake Wheeler,RW,2
1194.0,Mark Recchi,RW,1
1195.0,Byron Bitz,RW,3
1197.0,Daniel Paille,LW,2
1198.0,Miroslav Satan,RW,2
1199.0,Steve Begin,LW,4
1202.0,Brad Marchand,LW,1
1206.0,Tyler Seguin,C,1
1209.0,Rich Peverley,C,3
1210.0,Chris Kelly,C,3
1213.0,Benoit Pouliot,LW,3
1221.0,Jaromir Jagr,RW,1
1223.0,Kaspars Daugavins,LW,4
1225.0,Ryan Spooner,C,4
1226.0,Jay Pandolfo,LW,2
1227.0,Reilly Smith,RW,2
1228.0,Loui Eriksson,LW,2
1238.0,Nick Johnson,RW,4
1239.0,David Pastrnak,RW,1
1241.0,Simon Gagne,LW,2
1245.0,Matt Beleskey,LW,3
1247.0,Frank Vatrano,RW,3
1248.0,Landon Ferraro,C,4
1251.0,Zac Rinaldo,C,3
1254.0,Dominic Moore,C,3
1256.0,Tim Schaller,LW,4
1257.0,Austin Czarnik,C,4
1258.0,Drew Stafford,RW,3
1263.0,Danton Heinen,LW,4
1264.0,Jake DeBrusk,LW,2
1266.0,Brian Gionta,RW,2
1271.0,Marcus Johansson,LW,2
1277.0,Gemel Smith,C,4
1278.0,Trent Frederic,C,3
1279.0,Par Lindholm,C,4
1280.0,Brett Ritchie,RW,4
1281.0,Nick Ritchie,LW,3
1282.0,Jack Studnicka,C,4
1283.0,Ondrej Kase,RW,4
1285.0,Craig Smith,C,2
1287.0,Curtis Lazar,C,4
1288.0,Greg McKegg,C,4
1290.0,Erik Haula,LW,3
1291.0,Tomas Nosek,LW,4
1299.0,Pavel Zacha,C,3
1301.0,Jakub Lauko,C,4
1302.0,Garnet Hathaway,RW,3
1305.0,Vinni Lettieri,C,4
1306.0,Morgan Geekie,C,3
1307.0,James van Riemsdyk,LW,2
1309.0,Jesper Boqvist,C,4
1311.0,John Beecher,C,4
1313.0,Justin Brazeau,RW,4
1315.0,Patrick Brown,C,4
1317.0,Elias Lindholm,C,2
1318.0,Mark Kastelic,C,4
1319.0,Marat Khusnutdinov,C,4
1327.0,Saku Koivu,C,2
1328.0,Oleg Petrov,RW,3
1329.0,Trevor Linden,C,2
1330.0,Craig Darby,C,4
1331.0,Chad Kilger,LW,4
1332.0,Dainius Zubrus,C,2
1334.0,Patrick Poulin,LW,4
1336.0,Benoit Brunet,LW,3
1337.0,Eric Landry,C,4
1339.0,Sergei Zholtok,C,3
1340.0,Richard Zednik,RW,3
1341.0,Juha Lind,LW,4
1344.0,Arron Asham,RW,3
1345.0,Jan Bulis,C,3
1350.0,Gino Odjick,LW,3
1353.0,Mike Ribeiro,C,2
1358.0,Jason Ward,RW,4
1359.0,Doug Gilmour,C,1
1360.0,Joe Juneau,C,2
1361.0,Andreas Dackell,RW,4
1362.0,Shaun Van Allen,C,3
1363.0,Donald Audette,RW,2
1364.0,Marcel Hossa,LW,4
1365.0,Bill Lindsay,LW,3
1368.0,Randy Mckay,RW,3
1369.0,Niklas Sundstrom,RW,3
1372.0,Sylvain Blouin,LW,3
1373.0,Pierre Dagenais,RW,4
1374.0,Alex Kovalev,RW,1
1375.0,Darren Langdon,LW,3
1376.0,Tomas Plekanec,C,2
1377.0,Chris Higgins,LW,3
1379.0,Radek Bonk,C,2
1380.0,Mathieu Dandenault,RW,3
1381.0,Alexander Perezhogin,RW,4
1383.0,Garth Murray,C,4
1384.0,Andrei Kostitsyn,LW,3
1386.0,Raitis Ivanans,LW,3
1388.0,Guillaume Latendresse,LW,3
1391.0,Mikhail Grabovski,C,3
1393.0,Sergei Kostitsyn,LW,4
1395.0,Tom Kostopoulos,RW,4
1396.0,Kyle Chipchura,C,4
1400.0,Max Pacioretty,LW,1
1401.0,Georges Laraque,RW,3
1406.0,Michael Cammalleri,LW,2
1408.0,Tom Pyatt,LW,4
1410.0,Ryan White,C,3
1411.0,David Desharnais,C,3
1415.0,Jeff Halpern,C,3
1416.0,Dustin Boyd,C,4
1419.0,Nigel Dawes,LW,4
1420.0,Erik Cole,LW,2
1422.0,Louis Leblanc,C,4
1425.0,Brad Staubitz,RW,3
1427.0,Brendan Gallagher,RW,2
1428.0,Brandon Prust,LW,3
1429.0,Colby Armstrong,RW,3
1432.0,Michael Bournival,LW,4
1433.0,Dale Weise,RW,4
1438.0,Jiri Sekac,LW,4
1441.0,Devante Smith-Pelly,RW,3
1443.0,Torrey Mitchell,C,3
1444.0,Drayson Bowman,LW,4
1445.0,Eric Tangradi,LW,4
1446.0,Brian Flynn,C,4
1447.0,Paul Byron,LW,3
1451.0,Alexander Semin,RW,2
1453.0,Michael McCarron,C,4
1459.0,Alexander Radulov,RW,2
1462.0,Chris Terry,LW,4
1465.0,Dwight King,LW,3
1466.0,Bobby Farnham,RW,3
1468.0,Nicolas Deslauriers,LW,4
1470.0,Byron Froese,C,4
1472.0,Logan Shaw,RW,4
1476.0,Ales Hemsky,RW,3
1477.0,Jesperi Kotkaniemi,C,3
1478.0,Joel Armia,RW,2
1480.0,Jordan Weal,C,4
1482.0,Ryan Poehling,C,4
1484.0,Nick Suzuki,C,3
1485.0,Nick Cousins,C,3
1487.0,Ilya Kovalchuk,LW,1
1488.0,Jake Evans,C,4
1494.0,Tyler Toffoli,C,2
1496.0,Cole Caufield,RW,3
1497.0,Eric Staal,C,1
1499.0,Jesse Ylonen,RW,4
1501.0,Christian Dvorak,C,4
1504.0,Michael Pezzetta,LW,4
1505.0,Mathieu Perreault,C,3
1508.0,Cedric Paquette,C,3
1509.0,Rafael Harvey-Pinard,LW,4
1518.0,Evgenii Dadonov,RW,3
1521.0,Juraj Slafkovský,LW,3
1522.0,Denis Gurianov,RW,3
1523.0,Chris Tierney,C,3
1529.0,Tanner Pearson,LW,3
1537.0,Emil Heineman,LW,4
1538.0,Colin White,C,4
1543.0,Markus Naslund,LW,1
1544.0,Todd Bertuzzi,RW,2
1546.0,Daniel Sedin,LW,1
1547.0,Trent Klatt,RW,3
1548.0,Harold Druken,C,4
1549.0,Henrik Sedin,C,1
1550.0,Donald Brashear,LW,3
1552.0,Matt Cooke,LW,2
1553.0,Denis Pederson,C,4
1555.0,Steven Kariya,LW,4
1556.0,Jarkko Ruutu,LW,3
1558.0,Mike Stapleton,C,4
1561.0,Artem Chubarov,C,4
1562.0,Jan Hlavac,LW,3
1564.0,Todd Warriner,LW,4
1570.0,Mats Lindgren,C,4
1572.0,Jason King,RW,4
1576.0,Magnus Arvedson,LW,4
1577.0,Ryan Kesler,C,2
1578.0,Tyler Bouck,LW,3
1581.0,Richard Park,RW,3
1582.0,Alexandre Burrows,RW,3
1583.0,Josh Green,C,4
1586.0,Rick Rypien,C,3
1589.0,Taylor Pyatt,LW,3
1592.0,Jeff Cowan,LW,3
1595.0,Marc Chouinard,C,4
1602.0,Mason Raymond,LW,3
1603.0,Ryan Shannon,RW,4
1604.0,Byron Ritchie,C,4
1605.0,Matt Pettinger,LW,4
1608.0,Jannik Hansen,RW,3
1609.0,Steve Bernier,RW,3
1610.0,Mats Sundin,C,1
1611.0,Kyle Wellwood,C,3
1612.0,Darcy Hordichuk,LW,3
1614.0,Jason Krog,C,4
1616.0,Michel Ouellet,RW,3
1617.0,Mikael Samuelsson,RW,2
1619.0,Michael Grabner,LW,3
1620.0,Tanner Glass,LW,3
1627.0,Jeff Tambellini,LW,4
1629.0,Victor Oreskovich,RW,4
1631.0,Cody Hodgson,C,4
1632.0,Aaron Volpatti,LW,4
1637.0,David Booth,LW,3
1639.0,Zack Kassian,RW,3
1650.0,Mike Santorelli,C,4
1655.0,Nick Bonino,C,2
1656.0,Bo Horvat,C,2
1657.0,Linden Vey,RW,4
1660.0,Sven Baertschi,LW,4
1662.0,Brandon McMillan,LW,4
1665.0,Jared McCann,LW,3
1666.0,Jake Virtanen,RW,4
1667.0,Emerson Etem,RW,4
1668.0,Brandon Sutter,C,3
1669.0,Markus Granlund,C,4
1679.0,Brock Boeser,RW,3
1680.0,Nikolay Goldobin,RW,4
1681.0,Drew Shore,C,3
1685.0,Joseph Cramarossa,C,4
1687.0,Brendan Leipsic,LW,4
1688.0,Alexander Burmistrov,C,4
1689.0,Nic Dowd,C,3
1692.0,Elias Pettersson,C,2
1693.0,Antoine Roussel,LW,3
1694.0,Jay Beagle,C,3
1697.0,Zack MacEwen,RW,4
1701.0,J.T. Miller,C,2
1704.0,Micheal Ferland,LW,3
1705.0,Tyler Graovac,C,4
1706.0,Justin Bailey,RW,4
1707.0,Nils Hoglander,LW,4
1710.0,Jayce Hawryluk,RW,4
1713.0,Jimmy Vesey,LW,4
1714.0,Travis Boyd,C,4
1716.0,Jonah Gadjovich,LW,3
1720.0,Conor Garland,RW,3
1722.0,Vasily Podkolzin,RW,4
1723.0,Alex Chiasson,RW,3
1724.0,Juho Lammikko,LW,4
1725.0,Justin Dowling,C,4
1728.0,Nic Petan,C,4
1730.0,Andrei Kuzmenko,LW,3
1731.0,Nils Aman,C,4
1733.0,Phillip Di Giuseppe,LW,4
1741.0,Teddy Blueger,C,4
1747.0,Filip Chytil,C,4
1748.0,Drew O'Connor,LW,4
1754.0,Adam Oates,C,1
1755.0,Ulf Dahlen,RW,2
1757.0,Dmitri Khristich,RW,2
1759.0,Joe Sacco,LW,4
1762.0,Joe Murphy,RW,2
1763.0,James Black,LW,4
1765.0,Terry Yake,C,4
1766.0,Craig Berube,LW,3
1769.0,Colin Forbes,LW,4
1770.0,Stephen Peat,RW,3
1773.0,Chris Ferraro,C,4
1774.0,Peter Ferraro,RW,4
1775.0,Ivan Ciernik,LW,3
1779.0,Brian Sutherby,C,4
1781.0,Kip Miller,C,3
1782.0,Mike Grier,RW,2
1788.0,Boyd Gordon,C,2
1789.0,Craig Johnson,LW,4
1793.0,Brooks Laich,C,3
1802.0,Alex Ovechkin,LW,1
1803.0,Ben Clymer,RW,4
1804.0,Matt Bradley,RW,3
1807.0,Jeff Friesen,LW,2
1808.0,Rico Fata,LW,4
1810.0,Jakub Klepis,C,4
1815.0,David Steckel,C,4
1816.0,Eric Fehr,C,3
1822.0,Nicklas Backstrom,C,2
1823.0,Viktor Kozlov,C,3
1828.0,Eric Belanger,C,3
1830.0,Scott Walker,RW,3
1832.0,Joel Ward,RW,2
1833.0,Cody Eakin,C,3
1838.0,Martin Erat,RW,3
1839.0,Joey Crabb,RW,4
1841.0,Tom Wilson,RW,3
1842.0,Evgeny Kuznetsov,C,2
1843.0,Michael Latta,C,4
1845.0,Dustin Penner,LW,3
1856.0,Chris Conner,RW,4
1857.0,Justin Williams,RW,2
1858.0,Mike Richards,C,2
1860.0,Zach Sill,C,4
1861.0,Chandler Stephenson,C,2
1866.0,Anthony Peluso,RW,3
1867.0,Carl Hagelin,LW,2
1872.0,Beck Malenstyn,LW,4
1875.0,Conor Sheary,LW,3
1876.0,Daniel Sprong,RW,3
1877.0,Anthony Mantha,RW,3
1878.0,Michael Raffl,LW,3
1880.0,Connor McMichael,C,4
1883.0,Aliaksei Protas,C,4
1885.0,Brett Leason,RW,4
1886.0,Johan Larsson,LW,4
1887.0,Axel Jonsson-Fjallby,LW,4
1888.0,Hendrix Lapierre,C,4
1896.0,Connor Brown,RW,3
1907.0,Patrik Elias,C,1
1908.0,Alexander Mogilny,RW,1
1909.0,Sergei Brylin,LW,3
1911.0,Bobby Holik,C,2
1914.0,Sergei Nemchinov,LW,3
1915.0,Turner Stevenson,RW,3
1917.0,Bob Corkum,C,3
1919.0,Jim McKenzie,LW,3
1921.0,Jiri Bicek,RW,4
1922.0,Ed Ward,RW,4
1925.0,Valeri Kamensky,LW,2
1926.0,Joe Nieuwendyk,C,1
1929.0,Stephane Richer,RW,2
1931.0,Stephen Guolla,C,4
1935.0,Erik Rasmussen,C,3
1936.0,Igor Larionov,C,2
1944.0,Jason Wiemer,C,3
1946.0,Travis Zajac,C,2
1951.0,Rod Pelley,C,4
1955.0,Niclas Bergfors,RW,4
1957.0,Brendan Shanahan,LW,1
1961.0,Matt Halischuk,RW,4
1964.0,Rob Niedermayer,C,2
1969.0,Nick Palmieri,RW,4
1972.0,Andrew Peters,LW,3
1973.0,Mattias Tedenby,RW,4
1976.0,Jacob Josefson,C,4
1980.0,Adam Mair,C,4
1981.0,Adam Henrique,C,2
1982.0,Stephen Gionta,C,4
1984.0,Alexei Ponikarovsky,LW,3
1987.0,Ryan Carter,LW,4
1990.0,Stephane Veilleux,LW,4
1992.0,Eric Boulton,LW,3
1993.0,Andrei Loktionov,C,4
1994.0,Bobby Butler,RW,4
1997.0,Krys Barch,RW,3
1998.0,Ryane Clowe,LW,3
1999.0,Damien Brunner,RW,3
2004.0,Kyle Palmieri,C,2
2005.0,Joseph Blandisi,C,4
2006.0,Tyler Kennedy,C,3
2007.0,Sergey Kalinin,C,4
2008.0,Jiri Tlusty,LW,4
2014.0,Stefan Noesen,RW,3
2015.0,Nick Lappin,RW,4
2018.0,Vernon Fiddler,C,3
2019.0,Blake Coleman,LW,2
2022.0,Kevin Rooney,C,4
2024.0,Luke Gazdic,LW,3
2025.0,Nico Hischier,C,2
2027.0,Jesper Bratt,LW,3
2029.0,Brian Boyle,C,2
2033.0,Nathan Bastian,RW,4
2034.0,Michael McLeod,C,4
2039.0,Nikita Gusev,LW,4
2040.0,Wayne Simmonds,RW,3
2041.0,Jack Hughes,C,2
2046.0,Janne Kuokkanen,C,4
2047.0,Yegor Sharangovich,C,4
2049.0,Andreas Johnsson,LW,3
2055.0,Dawson Mercer,C,3
2056.0,Fabian Zetterlund,LW,4
2058.0,Alexander Holtz,RW,4
2061.0,Frederik Gauthier,C,4
2064.0,Ondrej Palat,LW,2
2066.0,Timo Meier,RW,3
2070.0,Max Willman,C,4
2077.0,Paul Cotter,C,4
2078.0,Cody Glass,C,4
2082.0,Matt Cullen,C,2
2083.0,Tony Hrkac,C,3
2084.0,Mike Leclerc,LW,4
2085.0,German Titov,C,3
2087.0,Dan Bylsma,LW,4
2088.0,Steve Rucchin,C,3
2090.0,Ladislav Kohn,RW,4
2092.0,Antti Aalto,C,4
2094.0,Kevin Sawyer,LW,3
2096.0,Patric Kjellberg,LW,4
2097.0,Denny Lambert,LW,3
2098.0,Sergei Krivokrasov,RW,4
2103.0,Alexei Smirnov,LW,4
2104.0,Rob Valicevic,RW,4
2106.0,Lance Ward,RW,3
2107.0,Jonathan Hedstrom,RW,4
2108.0,Joffrey Lupul,LW,2
2110.0,Petr Schastlivy,LW,4
2114.0,Ryan Getzlaf,C,1
2115.0,Todd Fedoruk,LW,3
2120.0,Aaron Gavey,C,4
2122.0,Bobby Ryan,RW,2
2123.0,Drew Miller,LW,4
2127.0,Erik Christensen,C,4
2132.0,Troy Bodie,RW,3
2133.0,Dan Sexton,RW,3
2134.0,Jason Blake,LW,2
2136.0,Evgeny Artyukhin,RW,4
2142.0,Aaron Voros,LW,3
2143.0,Niklas Hagman,LW,4
2145.0,Peter Holland,C,4
2148.0,Jean-Francois Jacques,LW,3
2149.0,Rickard Rakell,RW,3
2150.0,Matthew Lombardi,C,3
2151.0,Jakob Silfverberg,RW,2
2159.0,Dany Heatley,LW,1
2160.0,Shawn Horcoff,C,3
2161.0,Ryan Garbutt,C,4
2165.0,Patrick Eaves,RW,3
2171.0,Derek Grant,C,4
2173.0,JT Brown,RW,4
2177.0,Troy Terry,RW,4
2178.0,Carter Rowney,C,4
2180.0,Sam Steel,C,4
2181.0,Maxime Comtois,LW,4
2182.0,Max Jones,LW,4
2184.0,Isac Lundestrom,C,4
2185.0,Sam Carrick,C,4
2191.0,Trevor Zegras,C,4
2197.0,Dominik Simon,C,4
2198.0,Mason McTavish,C,4
2199.0,Bo Groulx,C,4
2205.0,Ryan Strome,C,3
2207.0,Brock McGinn,LW,2
2215.0,Alex Killorn,LW,2
2216.0,Leo Carlsson,C,4
2219.0,Ross Johnston,LW,3
2223.0,Cutter Gauthier,LW,4
2225.0,Chris Kreider,LW,2
2227.0,Jansen Harkins,C,4
2230.0,Dave Lowry,LW,3
2231.0,Oleg Saprykin,LW,4
2232.0,Clarke Wilm,C,4
2234.0,Ronald Petrovicky,RW,4
2238.0,Ron Sutter,C,2
2239.0,Dwayne Hay,LW,4
2242.0,Niklas Andersson,LW,4
2244.0,Marty Murray,C,4
2245.0,Wade Belak,RW,3
2246.0,Jamie Wright,LW,4
2250.0,Blair Betts,C,4
2253.0,Martin Gelinas,LW,3
2258.0,Marcus Nilson,LW,4
2260.0,Martin Sonnenberg,LW,4
2261.0,Daymond Langkow,C,2
2263.0,Darren McCarty,RW,3
2264.0,Jamie Lundmark,C,4
2267.0,Eric Nystrom,LW,4
2269.0,David Moss,RW,4
2270.0,Eric Godard,RW,3
2273.0,Owen Nolan,RW,2
2274.0,Mark Smith,C,4
2277.0,Andre Roy,RW,3
2280.0,Warren Peters,C,4
2282.0,Mikael Backlund,C,2
2285.0,Matt Stajan,C,3
2287.0,Fredrik Sjostrom,LW,4
2288.0,Ales Kotalik,RW,3
2289.0,Brian McGrattan,RW,3
2295.0,Roman Horak,C,4
2299.0,Krys Kolanos,C,3
2301.0,Jiri Hudler,RW,2
2307.0,Kevin Westgarth,RW,3
2315.0,Josh Jooris,RW,4
2317.0,Sam Bennett,C,3
2320.0,Devin Setoguchi,RW,3
2326.0,Matthew Tkachuk,LW,2
2328.0,Mark Jankowski,LW,4
2331.0,Nicholas Shore,C,4
2333.0,Ryan Lomberg,LW,4
2336.0,Andrew Mangiapane,LW,3
2337.0,Derek Ryan,C,3
2339.0,Alan Quine,C,4
2340.0,Dillon Dube,C,4
2342.0,Tobias Rieder,LW,2
2345.0,Adam Ruzicka,C,4
2346.0,Trevor Lewis,C,3
2347.0,Calle Jarnkrok,C,3
2349.0,Jonathan Huberdeau,LW,2
2352.0,Matt Coronato,RW,4
2354.0,Connor Zary,C,4
2355.0,Martin Pospisil,C,4
2361.0,Cole Schwindt,RW,4
2362.0,Morgan Frost,C,4
2363.0,Joel Farabee,LW,4
2371.0,Keith Primeau,C,2
2373.0,Ruslan Fedotenko,LW,3
2374.0,Rick Tocchet,RW,2
2375.0,Paul Ranheim,LW,2
2377.0,Jody Hull,RW,3
2378.0,Kent Manderville,C,3
2380.0,John Leclair,LW,2
2381.0,Kevin Stevens,LW,2
2382.0,Michel Picard,LW,4
2383.0,Derek Plante,C,3
2389.0,Steve Washburn,C,4
2390.0,Keith Jones,RW,3
2391.0,Jeremy Roenick,C,1
2392.0,Jiri Dopita,C,4
2393.0,Pavel Brendl,RW,4
2398.0,Radovan Somik,RW,4
2399.0,Sami Kapanen,RW,2
2401.0,Claude Lapointe,C,3
2406.0,Mike Comrie,C,3
2407.0,Branko Radivojevic,RW,4
2413.0,Jon Sim,LW,4
2414.0,Petr Nedved,C,2
2415.0,Niko Dimitrakos,RW,4
2420.0,Josh Gratton,LW,3
2421.0,Randy Robitaille,C,4
2422.0,Dimitri Afanasenkov,LW,4
2429.0,Denis Hamel,LW,4
2430.0,Riley Cote,LW,3
2434.0,Patrick Thoresen,LW,4
2436.0,Claude Giroux,RW,1
2438.0,Darroll Powe,C,4
2439.0,Andreas Nodl,RW,4
2446.0,Ville Leino,LW,3
2451.0,Matt Read,RW,4
2452.0,Sean Couturier,C,2
2462.0,Scott Laughton,C,3
2463.0,Adam Hall,RW,4
2464.0,Vincent Lecavalier,C,2
2467.0,Chris VandeVelde,C,4
2471.0,Colin McDonald,RW,3
2473.0,Travis Konecny,RW,3
2474.0,Valtteri Filppula,C,2
2477.0,Nolan Patrick,C,4
2479.0,Oskar Lindblom,LW,4
2483.0,Phil Varone,C,4
2490.0,Andy Andreoff,C,4
2492.0,Wade Allison,RW,4
2500.0,Noah Cates,LW,4
2501.0,Owen Tippett,RW,4
2505.0,Bobby Brink,RW,4
2510.0,Tyson Foerster,RW,4
2511.0,Brendan Lemieux,LW,3
2512.0,Kieffer Bellows,LW,4
2527.0,Alex Tuch,RW,2
2529.0,Oscar Lindberg,LW,4
2531.0,William Carrier,LW,3
2534.0,Mark Stone,RW,2
2538.0,Nicolas Roy,C,3
2541.0,Keegan Kolesar,RW,4
2544.0,Peyton Krebs,C,4
2545.0,Jack Eichel,C,2
2546.0,Brett Howden,C,3
2547.0,Michael Amadio,RW,3
2549.0,Jake Leschyshyn,C,4
2552.0,Pavel Dorofeyev,LW,3
2556.0,Tomas Hertl,C,2
2560.0,Colton Sissons,C,3
2562.0,Jeff O'Neill,C,2
2563.0,Ron Francis,C,1
2564.0,Rod Brind'Amour,C,1
2565.0,Shane Willis,RW,4
2566.0,Rob DiMaio,RW,3
2567.0,Josef Vasicek,C,3
2571.0,Tommy Vestlund,LW,4
2573.0,Jeff Daniels,LW,4
2578.0,Jaroslav Svoboda,LW,4
2580.0,Ryan Bayda,LW,4
2585.0,Mike Watt,LW,4
2591.0,Chad LaRose,RW,3
2603.0,Michael Ryan,C,4
2604.0,Patrick Dwyer,RW,4
2610.0,Jeff Skinner,LW,2
2612.0,Patrick O'Sullivan,C,4
2613.0,Anthony Stewart,RW,4
2615.0,Jordan Staal,C,2
2622.0,Victor Rask,C,3
2623.0,Andrej Nestrasil,C,4
2633.0,Sebastian Aho,C,1
2634.0,Martin Frk,RW,4
2636.0,Warren Foegele,LW,3
2638.0,Andrei Svechnikov,RW,2
2639.0,Nino Niederreiter,RW,2
2640.0,Jordan Martinook,LW,2
2641.0,Saku Maenalanen,RW,3
2643.0,Vincent Trocheck,C,2
2644.0,Julien Gauthier,RW,4
2646.0,Eetu Luostarinen,C,3
2647.0,Jesper Fast,RW,2
2648.0,Steven Lorentz,C,4
2652.0,Seth Jarvis,C,3
2653.0,Derek Stepan,C,2
2657.0,Jesse Puljujarvi,RW,4
2658.0,Michael Bunting,LW,3
2659.0,Jake Guentzel,C,2
2661.0,Jackson Blake,RW,3
2664.0,Logan Stankoven,C,3
2670.0,Tim Connolly,C,3
2671.0,Mark Parrish,RW,3
2673.0,Bill Muckalt,RW,4
2674.0,Oleg Kvasha,C,3
2676.0,Juraj Kolnik,RW,4
2677.0,Mark Lawrence,RW,4
2683.0,Steve Webb,RW,3
2686.0,Robert Petrovicky,C,4
2687.0,Jesse Belanger,C,4
2688.0,Alexei Yashin,C,2
2690.0,Marko Tuomainen,RW,4
2691.0,Dave Roche,LW,3
2693.0,Alexandre Kharitonov,RW,4
2694.0,Mattias Weinhandl,RW,4
2696.0,Trent Hunter,RW,3
2699.0,Cliff Ronning,C,2
2700.0,Sean Bergenheim,LW,3
2702.0,Robert Nilsson,C,4
2711.0,Frans Nielsen,C,2
2713.0,Kyle Okposo,RW,2
2716.0,Josh Bailey,RW,3
2718.0,Jesse Joensuu,LW,4
2722.0,Trevor Smith,C,4
2727.0,John Tavares,C,1
2728.0,Matt Moulson,LW,3
2729.0,Rob Schremp,C,4
2732.0,Matt Martin,LW,3
2735.0,Micheal Haley,LW,4
2745.0,Casey Cizikas,C,3
2749.0,Anders Lee,LW,2
2752.0,Cal Clutterbuck,RW,3
2753.0,Pierre-Marc Bouchard,C,3
2761.0,Nikolay Kulemin,LW,3
2762.0,Cory Conacher,C,3
2765.0,Shane Prince,LW,4
2769.0,Taylor Beck,LW,4
2771.0,Mathew Barzal,C,2
2773.0,Jordan Eberle,RW,2
2775.0,Michael Dal Colle,LW,4
2776.0,Leo Komarov,RW,3
2777.0,Tom Kuhnhackl,RW,3
2778.0,Jean-Gabriel Pageau,C,2
2780.0,Oliver Wahlstrom,RW,3
2786.0,Hudson Fasching,RW,4
2787.0,Simon Holmstrom,RW,4
2788.0,Pierre Engvall,LW,4
2792.0,Kyle MacLean,C,4
2797.0,Evander Kane,LW,2
2798.0,Bryan Little,C,3
2799.0,Nik Antropov,C,3
2802.0,Tim Stapleton,C,4
2803.0,Jim Slater,C,4
2804.0,Antti Miettinen,RW,3
2807.0,Mark Scheifele,C,1
2814.0,James Wright,C,4
2819.0,Adam Lowry,C,3
2820.0,Andrew Copp,C,3
2821.0,Nikolaj Ehlers,LW,2
2825.0,Brandon Tanev,LW,3
2826.0,Kyle Connor,LW,2
2827.0,Quinton Howden,C,4
2829.0,Mason Appleton,C,4
2830.0,Kristian Vesalainen,LW,4
2834.0,David Gustafsson,C,4
2839.0,Evgeny Svechnikov,LW,4
2840.0,Cole Perfetti,C,3
2842.0,Morgan Barron,C,4
2844.0,Michael Eyssimont,C,4
2847.0,Gabriel Vilardi,C,3
2848.0,Alex Iafallo,LW,3
2851.0,Rasmus Kupari,C,4
2853.0,Jaret Anderson-Dolan,C,4
2854.0,Ziggy Palffy,RW,2
2855.0,Luc Robitaille,LW,1
2856.0,Nelson Emerson,RW,2
2857.0,Kelly Buchberger,RW,3
2861.0,Stu Grimson,LW,3
2865.0,Brad Chartrand,RW,4
2866.0,Jaroslav Bednar,C,4
2869.0,Alex Frolov,LW,3
2871.0,Sean Avery,LW,3
2874.0,Jerred Smithson,C,4
2878.0,Martin Straka,C,2
2881.0,Dustin Brown,RW,2
2883.0,Jeff Giuliano,LW,4
2889.0,Anze Kopitar,C,1
2890.0,Scott Thornton,LW,3
2892.0,Alyn McCauley,C,4
2896.0,Teddy Purcell,LW,3
2897.0,Matt Ellis,LW,4
2899.0,Jarret Stoll,C,2
2903.0,Scott Parse,LW,4
2905.0,Brandon Segal,RW,3
2906.0,Rich Clune,LW,3
2913.0,Adrian Kempe,RW,2
2914.0,Jonny Brodzinski,C,4
2919.0,Carl Grundstrom,RW,4
2920.0,Blake Lizotte,C,4
2922.0,Trevor Moore,LW,3
2924.0,Lias Andersson,C,4
2925.0,Arthur Kaliyev,RW,4
2926.0,Quinton Byfield,RW,3
2928.0,Viktor Arvidsson,LW,2
2934.0,Alex Turcotte,C,4
2935.0,Kevin Fiala,LW,2
2937.0,Alex Laferriere,RW,4
2942.0,Yanni Gourde,C,2
2943.0,Riley Sheahan,C,4
2945.0,Matty Beniers,C,3
2949.0,Eeli Tolvanen,RW,3
2950.0,Shane Wright,C,4
2951.0,Tye Kartye,LW,4
2952.0,Kailer Yamamoto,RW,3
2957.0,Mason Marchment,LW,3
2958.0,Kaapo Kakko,RW,4
2959.0,Frederick Gaudreau,C,4
2963.0,Martin St. Louis,RW,1
2964.0,Nisse Ekman,RW,4
2965.0,Stan Drulia,RW,4
2967.0,Sheldon Keefe,RW,4
2979.0,Dave Andreychuk,LW,1
2981.0,Jimmie Olvestad,LW,4
2982.0,Juha Ylonen,C,4
2983.0,Zdeno Ciger,LW,3
2984.0,Tim Taylor,C,3
2985.0,Martin Cibak,C,4
2989.0,Eric Perrin,C,4
2992.0,Nick Tarnasky,LW,4
2995.0,Andreas Karlsson,C,4
2996.0,Kyle Wanvig,RW,4
3001.0,Steven Stamkos,C,1
3002.0,Ryan Malone,LW,3
3003.0,Paul Szczechura,C,4
3004.0,Gary Roberts,LW,2
3014.0,Marc-Antoine Pouliot,C,4
3020.0,Nikita Kucherov,RW,1
3021.0,Ryan Callahan,RW,2
3025.0,Erik Condra,RW,4
3027.0,Brayden Point,C,2
3028.0,Adam Erne,LW,4
3031.0,Anthony Cirelli,C,2
3034.0,Carter Verhaeghe,C,2
3035.0,Barclay Goodrow,C,2
3039.0,Nick Paul,LW,3
3041.0,Remi Elie,LW,4
3045.0,Tanner Jeannot,LW,4
3046.0,Rudolfs Balcers,LW,4
3047.0,Cole Koepke,LW,4
3048.0,Luke Glendening,C,3
3049.0,Mitchell Chaffee,RW,4
3051.0,Austin Watson,LW,3
3057.0,Gage Goncalves,C,4
3060.0,Zemgus Girgensons,C,4
3063.0,Jonas Hoglund,RW,3
3065.0,Shayne Corson,LW,2
3066.0,Tie Domi,RW,3
3071.0,Mikael Renberg,RW,2
3072.0,Robert Reichel,C,2
3079.0,Eric Lindros,C,1
3083.0,Boyd Devereaux,C,2
3091.0,Ryan Hollweg,LW,4
3093.0,Rickard Wallin,C,4
3097.0,Clarke MacArthur,LW,3
3112.0,Colin Greening,C,4
3113.0,William Nylander,RW,1
3114.0,Nick Spaling,C,4
3116.0,Zach Hyman,LW,2
3117.0,Milan Michalek,LW,2
3118.0,Mark Arcobello,RW,4
3121.0,Auston Matthews,C,1
3122.0,Mitch Marner,RW,1
3124.0,Patrick Marleau,C,1
3126.0,Tyler Ennis,RW,3
3128.0,Jason Spezza,C,2
3132.0,Nicholas Robertson,LW,4
3133.0,Alexander Barabanov,LW,4
3139.0,Pontus Holmberg,RW,4
3141.0,Matthew Knies,LW,3
3142.0,Bobby McMann,C,4
3145.0,Noah Gregor,LW,4
3146.0,Connor Dewar,C,4
3148.0,Matias Maccelli,LW,4
3151.0,Rem Murray,LW,3
3152.0,Daniel Cleary,RW,2
3154.0,Domenic Pittis,C,4
3155.0,Brian Swanson,C,4
3159.0,Patrick Cote,LW,3
3167.0,Todd Harvey,RW,3
3169.0,Toby Petersen,C,4
3170.0,Zack Stortini,RW,3
3174.0,Liam Reddox,LW,4
3178.0,Ryan Jones,LW,4
3184.0,Linus Omark,LW,4
3186.0,Ryan Nugent-Hopkins,C,2
3187.0,Lennart Petrell,LW,4
3188.0,Anton Lander,C,4
3195.0,Leon Draisaitl,C,1
3197.0,Iiro Pakarinen,RW,4
3202.0,Connor McDavid,C,1
3203.0,Anton Slepyshev,LW,4
3210.0,Patrick Russell,RW,4
3211.0,Josh Archibald,RW,4
3212.0,Gaetan Haas,C,3
3216.0,Kyle Turris,C,3
3217.0,Ryan McLeod,C,4
3218.0,Colton Sceviour,C,4
3221.0,Nick Bjugstad,C,3
3231.0,Pavel Bure,RW,1
3232.0,Greg Adams,LW,2
3233.0,Len Barrie,C,4
3234.0,Denis Shvidki,RW,4
3235.0,Ivan Novoseltsev,RW,4
3236.0,Serge Payer,C,4
3247.0,Stephen Weiss,C,3
3252.0,Stephane Matteau,LW,2
3260.0,Ville Peltonen,LW,4
3262.0,Kamil Kreps,C,4
3269.0,Tim Kennedy,LW,4
3270.0,Patrick Rissmiller,LW,4
3276.0,Aleksander Barkov,C,1
3277.0,Jesse Winchester,C,4
3279.0,Garrett Wilson,LW,4
3281.0,Connor Brickley,LW,4
3297.0,Patric Hornqvist,RW,2
3300.0,Sam Reinhart,C,2
3301.0,Anton Lundell,C,3
3303.0,Givani Smith,RW,3
3307.0,Mackie Samoskevich,RW,4
3308.0,Mario Lemieux,C,1
3309.0,Josef Beranek,LW,3
3311.0,Aleksey Morozov,RW,4
3312.0,Rene Corbet,LW,4
3313.0,Milan Kraft,C,4
3317.0,Steve McKenna,LW,3
3318.0,Shane Endicott,C,4
3319.0,Tomas Surovy,LW,4
3320.0,Alexandre Daigle,RW,3
3326.0,Konstantin Koltsov,LW,4
3329.0,Landon Wilson,RW,4
3331.0,Matt Murley,LW,4
3332.0,Sidney Crosby,C,1
3333.0,Evgeni Malkin,C,1
3335.0,Pascal Dupuis,RW,2
3339.0,Paul Bissonnette,LW,3
3341.0,Joe Vitale,C,4
3346.0,Bryan Rust,RW,2
3347.0,Scott Wilson,C,4
3354.0,Jason Zucker,LW,3
3359.0,Valtteri Puustinen,RW,4
3361.0,Mikael Granlund,C,2
3369.0,Philip Tomasino,RW,3
3370.0,Tommy Novak,C,3
3375.0,David Legwand,C,2
3376.0,Greg Johnson,C,3
3377.0,Marian Cisar,LW,4
3379.0,Greg Classen,C,4
3380.0,Sebastien Bordeleau,C,4
3381.0,Jeremy Stevenson,LW,3
3390.0,Andreas Johansson,LW,4
3391.0,Brent Gilchrist,LW,3
3397.0,J-P Dumont,RW,3
3398.0,Jed Ortmeyer,RW,4
3399.0,Antti Pihlstrom,LW,4
3403.0,Mike Fisher,C,2
3408.0,Paul Gaustad,C,3
3413.0,Filip Forsberg,LW,1
3416.0,Miikka Salomaki,RW,4
3417.0,Luke Kunin,C,4
3422.0,Cole Smith,RW,4
3424.0,Juuso Parssinen,C,4
3425.0,Luke Evangelista,RW,3
3427.0,John Leonard,LW,4
3430.0,Rasmus Asplund,C,4
3440.0,Mark Messier,C,1
3441.0,Adam Graves,LW,2
3443.0,Eric Lacroix,LW,4
3447.0,Brad Smyth,RW,4
3449.0,John MacLean,RW,2
3451.0,Roman Lyashenko,C,4
3452.0,Jason Dawe,RW,3
3462.0,Petr Prucha,RW,3
3468.0,Enver Lisin,RW,4
3470.0,Mats Zuccarello,RW,2
3471.0,Todd White,C,3
3472.0,Derek Boogaard,LW,3
3475.0,Brandon Mashinter,LW,4
3477.0,James Sheppard,C,4
3480.0,Mika Zibanejad,C,1
3482.0,Boo Nieves,C,4
3490.0,Alexis Lafrenière,LW,3
3496.0,Will Cuylle,LW,4
3497.0,Adam Edstrom,C,4
3498.0,Matt Rempe,C,3
3505.0,Steve Yzerman,C,1
3506.0,Tomas Holmstrom,LW,2
3507.0,Vyacheslav Kozlov,LW,2
3508.0,Pat Verbeek,RW,2
3509.0,Kris Draper,C,2
3511.0,Doug Brown,RW,2
3513.0,Kirk Maltby,LW,2
3516.0,Yuri Butsayev,LW,4
3518.0,Brett Hull,RW,1
3519.0,Pavel Datsyuk,C,1
3521.0,Henrik Zetterberg,C,1
3524.0,Stacy Roest,C,4
3526.0,Kevin Miller,C,3
3528.0,Johan Franzen,RW,2
3531.0,Justin Abdelkader,LW,3
3532.0,Mike Modano,C,1
3533.0,Cory Emmerton,C,4
3535.0,Fabian Brunnstrom,LW,4
3536.0,Joakim Andersson,C,4
3539.0,Daniel Alfredsson,RW,1
3543.0,Dylan Larkin,C,2
3548.0,Michael Rasmussen,C,4
3549.0,Christoffer Ehn,C,4
3551.0,Filip Zadina,RW,4
3556.0,Joe Veleno,C,4
3557.0,Lucas Raymond,LW,4
3561.0,Jonatan Berggren,RW,4
3564.0,Marco Kasper,C,4
3565.0,Christian Fischer,RW,4
3569.0,Stu Barnes,C,2
3570.0,Maxim Afinogenov,RW,3
3571.0,Vaclav Varada,RW,3
3572.0,Vladimir Tsyplakov,LW,4
3574.0,Rob Ray,RW,3
3575.0,Chris Taylor,C,4
3580.0,Jason Pominville,RW,2
3583.0,Patrick Kaleta,RW,3
3586.0,Marcus Foligno,LW,3
3597.0,Victor Olofsson,LW,3
3599.0,Dylan Cozens,C,3
3605.0,Jack Quinn,RW,4
3608.0,JJ Peterka,RW,4
3609.0,Jordan Greenway,LW,4
3611.0,Zach Benson,LW,4
3612.0,Jiri Kulich,C,4
3614.0,Josh Norris,C,4
3616.0,Josh Doan,RW,4
3623.0,David Oliver,RW,4
3624.0,Chris Neil,RW,3
3633.0,Jonathan Cheechoo,RW,2
3638.0,Francis Lessard,RW,3
3645.0,Alex Formenton,LW,4
3648.0,Brady Tkachuk,LW,2
3649.0,Drake Batherson,RW,3
3655.0,Tim Stützle,C,2
3657.0,Shane Pinto,C,4
3660.0,Dylan Gambrell,C,4
3667.0,Ridly Greig,C,4
3675.0,Zack Ostapchuk,C,4
3678.0,Vincent Damphousse,C,2
3679.0,Mike Ricci,C,2
3681.0,Alexander Korolyuk,LW,3
3682.0,Tony Granato,RW,3
3683.0,Jim Montgomery,C,4
3684.0,Paul Kruse,LW,3
3686.0,Mike Craig,RW,3
3691.0,Joe Pavelski,C,1
3693.0,Tomas Plihal,C,4
3696.0,Claude Lemieux,RW,2
3699.0,Logan Couture,C,2
3704.0,Melker Karlsson,C,3
3706.0,Kevin Labanc,RW,3
3707.0,Marcus Sorensen,LW,4
3730.0,William Eklund,LW,4
3734.0,Jacob Peterson,C,4
3744.0,Ty Dellandrea,C,4
3750.0,Jere Lehtinen,RW,2
3751.0,Kirk Muller,LW,2
3756.0,Niko Kapanen,C,4
3758.0,Mathias Tjarnqvist,LW,4
3762.0,Patrik Stefan,C,4
3763.0,Joel Lundqvist,C,4
3764.0,Tom Wandell,C,4
3767.0,Jamie Benn,LW,1
3773.0,Curtis McKenzie,LW,3
3775.0,Radek Faksa,C,3
3780.0,Martin Hanzal,C,3
3782.0,Roope Hintz,C,3
3786.0,Jason Robertson,LW,2
3790.0,Wyatt Johnston,C,3
3792.0,Mavrik Bourque,C,4
3797.0,Clayton Keller,RW,3
3798.0,Logan Cooley,C,4
3799.0,Dylan Guenther,RW,4
3800.0,Barrett Hayton,C,3
3801.0,Jack McBain,C,4
3802.0,Michael Carcone,LW,4
3803.0,Lawson Crouse,LW,4
3805.0,Wes Walz,C,3
3806.0,Cameron Stewart,LW,4
3808.0,Jeff Nielsen,RW,4
3812.0,Matt Johnson,LW,3
3813.0,Kai Nurminen,LW,4
3819.0,Hnat Domenichelli,LW,4
3826.0,Craig Weller,RW,3
3842.0,Justin Fontaine,RW,4
3845.0,Joel Eriksson Ek,C,3
3849.0,Kirill Kaprizov,LW,2
3850.0,Matt Boldy,LW,2
3853.0,Marco Rossi,C,3
3854.0,Mason Shaw,C,4
3862.0,Shane Doan,RW,2
3863.0,Petr Sykora,RW,2
3864.0,Vitali Yachmenev,RW,3
3865.0,Per Svartvadet,C,4
3866.0,Mika Alatalo,LW,4
3868.0,Jeff Odgers,RW,3
3869.0,Dean Sylvester,RW,4
3870.0,Mike Sullivan,C,2
3880.0,Jean-Pierre Vigier,RW,4
3897.0,Viktor Tikhonov,RW,4
3910.0,Mario Kempe,RW,4
6.0,Ray Bourque,D,1
9.0,Martin Skoula,D,4
11.0,Greg De Vries,D,3
13.0,Jon Klemm,D,3
14.0,Adam Foote,D,3
16.0,Aaron Miller,D,3
18.0,Rob Blake,D,1
22.0,Rick Berry,D,4
23.0,Nolan Pratt,D,4
25.0,Alexei Gusarov,D,3
29.0,Bryan Muir,D,4
33.0,Pascal Trepanier,D,4
37.0,Todd Gill,D,3
43.0,Darius Kasparaitis,D,3
44.0,Derek Morris,D,2
49.0,Bryan Marchment,D,3
57.0,John-Michael Liles,D,2
59.0,Karlis Skrastins,D,3
69.0,Brett Clark,D,3
70.0,Kurt Sauer,D,3
73.0,Bob Boughner,D,3
74.0,Ossi Vaananen,D,3
79.0,Patrice Brisebois,D,2
88.0,Ken Klee,D,3
91.0,Jordan Leopold,D,3
92.0,Jeff Finger,D,4
93.0,Kyle Cumiskey,D,3
97.0,Scott Hannan,D,3
100.0,Ruslan Salei,D,3
103.0,Johnny Boychuk,D,2
107.0,Daniel Tjarnqvist,D,4
119.0,Kyle Quincey,D,3
121.0,Ryan Wilson,D,4
128.0,Tom Preissing,D,4
131.0,Kevin Shattenkirk,D,2
134.0,Erik Johnson,D,2
135.0,Matt Hunwick,D,4
136.0,Ryan O'Byrne,D,4
146.0,Shane O'Brien,D,3
147.0,Jan Hejda,D,4
156.0,Tyson Barrie,D,2
160.0,Greg Zanon,D,4
165.0,Andre Benoit,D,4
166.0,Nick Holden,D,3
168.0,Cory Sarich,D,3
169.0,Nate Guenin,D,4
174.0,Zach Redmond,D,4
175.0,Brad Stuart,D,2
188.0,Francois Beauchemin,D,2
197.0,Nikita Zadorov,D,3
199.0,Eric Gelinas,D,4
203.0,Fedor Tyutin,D,3
204.0,Patrick Wiercioch,D,3
206.0,Mark Barberio,D,4
209.0,Cody Goloubef,D,4
216.0,Anton Lindholm,D,4
218.0,Samuel Girard,D,2
221.0,Patrik Nemeth,D,4
228.0,Ian Cole,D,3
230.0,Ryan Graves,D,3
234.0,Cale Makar,D,1
242.0,Calle Rosen,D,4
244.0,Conor Timmins,D,4
245.0,Kevin Connauton,D,4
247.0,Devon Toews,D,2
254.0,Bowen Byram,D,2
255.0,Kyle Burroughs,D,4
257.0,Keaton Middleton,D,4
258.0,Greg Pateryn,D,4
262.0,Jack Johnson,D,2
263.0,Josh Manson,D,3
265.0,Ryan Murray,D,4
272.0,Justin Barron,D,4
277.0,Brad Hunt,D,4
279.0,Andreas Englund,D,4
295.0,Sam Malinski,D,4
299.0,Sean Walker,D,4
301.0,Caleb Jones,D,4
323.0,Jaroslav Spacek,D,3
324.0,Boris Mironov,D,2
326.0,Stephane Quintal,D,3
328.0,Alexander Karpovtsev,D,3
329.0,Kevin Dean,D,3
334.0,Chris Mcalpine,D,4
335.0,Anders Eriksson,D,4
336.0,Steve Poapst,D,4
337.0,Steve McCarthy,D,4
339.0,Jamie Allison,D,4
346.0,Nolan Baumgartner,D,4
348.0,Phil Housley,D,1
355.0,Lyle Odelein,D,3
357.0,Joe Reekie,D,3
362.0,Nathan Dempsey,D,4
366.0,Jason Strudwick,D,4
369.0,Sami Helenius,D,4
372.0,Bryan Berard,D,2
375.0,Jim Vandermeer,D,3
376.0,Stephane Robidas,D,2
377.0,Deron Quint,D,2
383.0,Anton Babchuk,D,4
387.0,Lasse Kukkonen,D,4
388.0,Johnathan Aitken,D,4
389.0,Brent Seabrook,D,1
392.0,Duncan Keith,D,1
397.0,James Wisniewski,D,2
399.0,Jassen Cullimore,D,3
400.0,Adrian Aucoin,D,2
401.0,Dustin Byfuglien,D,2
403.0,Todd Simpson,D,3
406.0,Cam Barker,D,3
432.0,Brent Sopel,D,3
436.0,Andrei Zyuzin,D,3
439.0,Jordan Hendry,D,4
445.0,Niklas Hjalmarsson,D,3
447.0,Brian Campbell,D,2
448.0,Matt Walker,D,4
449.0,Aaron Johnson,D,4
456.0,Kim Johnsson,D,2
458.0,Nick Boynton,D,3
463.0,Nick Leddy,D,2
464.0,Chris Campoli,D,3
475.0,Steve Montador,D,3
478.0,Sean O'Donnell,D,3
479.0,Johnny Oduya,D,3
480.0,Sami Lepisto,D,3
481.0,Dylan Olsen,D,4
485.0,Michal Rozsival,D,2
486.0,Sheldon Brookbank,D,4
488.0,Ryan Stanton,D,4
496.0,David Rundblad,D,4
501.0,Klas Dahlbeck,D,4
503.0,Trevor van Riemsdyk,D,4
508.0,Kimmo Timonen,D,2
516.0,Michal Kempny,D,4
518.0,Gustav Forsling,D,2
524.0,Jan Rutta,D,4
525.0,Erik Gustafsson,D,2
526.0,Jordan Oesterle,D,3
527.0,Connor Murphy,D,3
532.0,Cody Franson,D,2
541.0,Henri Jokiharju,D,4
544.0,Slater Koekkoek,D,4
545.0,Brandon Manning,D,4
546.0,Brandon Davidson,D,4
552.0,Olli Määttä,D,3
554.0,Adam Boqvist,D,4
556.0,Calvin de Haan,D,4
557.0,Nick Seeler,D,4
573.0,Riley Stillman,D,4
574.0,Madison Bowey,D,4
577.0,Seth Jones,D,2
578.0,Jake McCabe,D,3
584.0,Alex Vlasic,D,4
596.0,Jarred Tinordi,D,4
601.0,Nikita Zaitsev,D,4
602.0,Wyatt Kaiser,D,4
610.0,Kevin Korchinski,D,4
617.0,Jaycob Megna,D,4
634.0,Jamie Heward,D,4
638.0,Petteri Nummelin,D,3
640.0,Jamie Pushor,D,3
641.0,Mattias Timander,D,3
643.0,Frantisek Kucera,D,4
645.0,Jean-Luc Grand-Pierre,D,4
649.0,Rostislav Klesla,D,2
650.0,Radim Bicanek,D,4
659.0,Kevin Dahl,D,4
667.0,Derrick Walser,D,4
670.0,Duvie Westcott,D,4
675.0,Luke Richardson,D,3
678.0,Darren Van Impe,D,3
679.0,Scott Lachance,D,3
687.0,Darryl Sydor,D,2
703.0,Ron Hainsey,D,2
704.0,Radoslav Suchy,D,4
708.0,Cale Hulse,D,4
711.0,Ole-Kristian Tollefsen,D,4
712.0,Andy Delmore,D,3
718.0,Marc Methot,D,4
727.0,Kris Russell,D,3
729.0,Dick Tarnstrom,D,2
732.0,Aaron Rome,D,4
738.0,Mike Commodore,D,3
740.0,Christian Backman,D,4
745.0,Anton Stralman,D,3
748.0,Grant Clitsome,D,4
749.0,Milan Jurcina,D,3
754.0,Nathan Paetsch,D,4
759.0,Craig Rivet,D,3
760.0,John Moore,D,3
762.0,Nikita Nikitin,D,4
766.0,David Savard,D,3
768.0,Brett Lebda,D,4
771.0,Radek Martinek,D,4
775.0,Dalton Prout,D,4
786.0,Nick Schultz,D,4
794.0,Justin Falk,D,4
806.0,Dean Kukan,D,4
808.0,Zach Werenski,D,2
809.0,Markus Nutivaara,D,4
810.0,Scott Harrington,D,4
817.0,Taylor Chorney,D,4
824.0,Adam McQuaid,D,4
830.0,Vladislav Gavrikov,D,3
832.0,Andrew Peeke,D,4
839.0,Michael Del Zotto,D,2
842.0,Gavin Bayreuther,D,4
846.0,Jake Bean,D,4
851.0,Nick Blankenburg,D,4
855.0,Jake Christiansen,D,4
859.0,Erik Gudbranson,D,3
871.0,David Jiricek,D,4
873.0,Ivan Provorov,D,2
874.0,Damon Severson,D,3
882.0,Dante Fabbro,D,4
888.0,Al Macinnis,D,1
889.0,Chris Pronger,D,1
894.0,Alexander Khavanov,D,3
900.0,Sean Hill,D,2
901.0,Jeff Finley,D,4
902.0,Bryce Salvador,D,3
906.0,Todd Reirden,D,4
907.0,Darren Rumble,D,4
911.0,Mike Van Ryn,D,4
912.0,Marc Bergevin,D,3
918.0,Rich Pilon,D,3
919.0,Christian Laflamme,D,4
921.0,Barret Jackman,D,3
930.0,Eric Weinrich,D,2
932.0,Murray Baron,D,3
940.0,Aris Brimanis,D,4
942.0,Dennis Wideman,D,2
943.0,Kevin Dallman,D,4
945.0,Eric Brewer,D,2
952.0,Jeff Woywitka,D,4
962.0,Jamie Rivers,D,4
966.0,Roman Polak,D,3
967.0,Jay McKee,D,3
977.0,Carlo Colaiacovo,D,4
981.0,Mike Weaver,D,3
984.0,Tyson Strachan,D,4
986.0,Alex Pietrangelo,D,1
987.0,Andy Wozniewski,D,4
993.0,Nathan Oystrick,D,4
999.0,Kent Huskins,D,4
1005.0,Jay Bouwmeester,D,2
1006.0,Wade Redden,D,2
1016.0,Carl Gunnarsson,D,3
1017.0,Chris Butler,D,4
1018.0,Zbynek Michalek,D,3
1022.0,Robert Bortuzzo,D,4
1024.0,Colton Parayko,D,2
1026.0,Joel Edmundson,D,3
1034.0,Vince Dunn,D,2
1040.0,Nate Prosser,D,4
1050.0,Justin Faulk,D,2
1054.0,Niko Mikkola,D,4
1055.0,Marco Scandella,D,3
1056.0,Jake Walman,D,2
1058.0,Derrick Pouliot,D,4
1060.0,Torey Krug,D,2
1066.0,Scott Perunovich,D,4
1086.0,Cam Fowler,D,2
1087.0,Philip Broberg,D,4
1100.0,Kyle McLaren,D,2
1101.0,Jonathan Girard,D,4
1102.0,Don Sweeney,D,2
1103.0,Hal Gill,D,3
1104.0,Jarno Kultanen,D,4
1105.0,Patrick Traverse,D,4
1106.0,Peter Popovic,D,4
1111.0,Paul Coffey,D,1
1127.0,Gord Murphy,D,2
1130.0,Jeff Norton,D,2
1131.0,Sean Brown,D,3
1134.0,Ric Jackman,D,3
1138.0,Ian Moran,D,3
1140.0,Dan Mcgillis,D,2
1143.0,Shaone Morrisonn,D,4
1145.0,Jiri Slegr,D,2
1147.0,Jeff Jillson,D,4
1148.0,Sergei Gonchar,D,1
1155.0,Brian Leetch,D,1
1157.0,David Tanabe,D,3
1160.0,Andrew Alberts,D,3
1163.0,Mark Stuart,D,3
1171.0,Zdeno Chara,D,1
1173.0,Paul Mara,D,3
1178.0,Jason York,D,3
1180.0,Aaron Ward,D,3
1181.0,Andrew Ference,D,3
1191.0,Shane Hnidy,D,4
1200.0,Dennis Seidenberg,D,3
1207.0,Steven Kampfer,D,3
1208.0,Tomas Kaberle,D,2
1212.0,Matt Bartkowski,D,4
1214.0,Joe Corvo,D,2
1219.0,Mike Mottau,D,3
1220.0,Dougie Hamilton,D,2
1229.0,Kevan Miller,D,4
1230.0,Andrej Meszaros,D,3
1237.0,Corey Potter,D,4
1242.0,Joe Morrow,D,4
1246.0,Colin Miller,D,3
1253.0,Matt Irwin,D,4
1255.0,Brandon Carlo,D,3
1261.0,Matt Grzelcyk,D,3
1265.0,Charlie McAvoy,D,2
1268.0,Paul Postma,D,4
1273.0,Jeremy Lauzon,D,3
1274.0,Connor Clifton,D,4
1275.0,Jakub Zboril,D,4
1276.0,Urho Vaakanainen,D,4
1286.0,Mike Reilly,D,4
1292.0,Derek Forbort,D,3
1293.0,Hampus Lindholm,D,2
1298.0,Joshua Brown,D,4
1300.0,Dmitry Orlov,D,2
1303.0,Connor Carrick,D,4
1310.0,Mason Lohrei,D,3
1312.0,Parker Wotherspoon,D,4
1333.0,Andrei Markov,D,2
1335.0,Karl Dykhuis,D,3
1338.0,Sheldon Souray,D,2
1342.0,Francis Bouillon,D,3
1351.0,Darryl Shannon,D,3
1352.0,Barry Richter,D,4
1354.0,Enrico Ciccone,D,3
1370.0,Mike Komisarek,D,3
1382.0,Mark Streit,D,3
1389.0,Janne Niinimaa,D,2
1392.0,Josh Gorges,D,4
1394.0,Roman Hamrlik,D,2
1399.0,Mathieu Schneider,D,1
1402.0,Yannick Weber,D,3
1403.0,Alex Henry,D,4
1404.0,Doug Janik,D,4
1407.0,Marc-Andre Bergeron,D,2
1409.0,P.K. Subban,D,1
1421.0,Raphael Diaz,D,4
1423.0,Alexei Emelin,D,4
1430.0,Davis Drewiske,D,4
1431.0,Nathan Beaulieu,D,4
1434.0,Douglas Murray,D,4
1439.0,Tom Gilbert,D,2
1440.0,Jeff Petry,D,2
1442.0,Bryan Allen,D,3
1449.0,Joel Hanley,D,4
1458.0,Victor Bartley,D,4
1460.0,Shea Weber,D,1
1461.0,Nikita Nesterov,D,4
1463.0,Jordie Benn,D,4
1467.0,Mikhail Sergachev,D,2
1469.0,Karl Alzner,D,4
1471.0,Victor Mete,D,4
1473.0,David Schlemko,D,4
1474.0,Noah Juulsen,D,4
1479.0,Brett Kulak,D,3
1481.0,Christian Folin,D,4
1483.0,Xavier Ouellet,D,4
1486.0,Ben Chiarot,D,3
1490.0,Cale Fleury,D,4
1491.0,Gustav Olofsson,D,4
1495.0,Alexander Romanov,D,4
1500.0,Jon Merrill,D,4
1502.0,Chris Wideman,D,4
1510.0,Jordan Harris,D,4
1516.0,Mike Matheson,D,2
1517.0,Kaiden Guhle,D,4
1519.0,Johnathan Kovacevic,D,4
1520.0,Arber Xhekaj,D,4
1530.0,Jayden Struble,D,4
1532.0,Gustav Lindstrom,D,4
1534.0,Lane Hutson,D,4
1539.0,Noah Dobson,D,2
1540.0,Alexandre Carrier,D,4
1545.0,Ed Jovanovski,D,2
1551.0,Mattias Ohlund,D,2
1554.0,Greg Hawgood,D,2
1559.0,Drake Berehowsky,D,3
1568.0,Sami Salo,D,2
1569.0,Marek Malik,D,3
1584.0,Kevin Bieksa,D,2
1585.0,Keith Carney,D,3
1588.0,Sven Butenschon,D,4
1590.0,Lukas Krajicek,D,4
1591.0,Willie Mitchell,D,3
1593.0,Rory Fitzpatrick,D,3
1596.0,Yannick Tremblay,D,4
1597.0,Alexander Edler,D,2
1613.0,Rob Davison,D,4
1618.0,Christian Ehrhoff,D,2
1621.0,Brad Lukowich,D,3
1626.0,Dan Hamhuis,D,2
1628.0,Keith Ballard,D,3
1633.0,Chris Tanev,D,3
1635.0,Ryan Parent,D,4
1638.0,Marc-Andre Gragnani,D,4
1644.0,Jason Garrison,D,3
1645.0,Derek Joslin,D,4
1659.0,Luca Sbisa,D,4
1661.0,Alex Biega,D,4
1664.0,Ben Hutton,D,4
1670.0,Nikita Tryamkin,D,4
1671.0,Taylor Fedun,D,4
1676.0,Troy Stecher,D,4
1678.0,Philip Larsen,D,4
1695.0,Quinn Hughes,D,2
1696.0,Luke Schenn,D,3
1702.0,Tyler Myers,D,2
1703.0,Oscar Fantenberg,D,4
1708.0,Nate Schmidt,D,2
1709.0,Travis Hamonic,D,3
1715.0,Jalen Chatfield,D,4
1721.0,Oliver Ekman-Larsson,D,2
1726.0,Tucker Poolman,D,4
1727.0,Travis Dermott,D,4
1732.0,Ethan Bear,D,4
1740.0,Filip Hronek,D,2
1742.0,Carson Soucy,D,3
1746.0,Marcus Pettersson,D,4
1756.0,Calle Johansson,D,2
1758.0,Sylvain Cote,D,2
1760.0,Dmitri Mironov,D,2
1761.0,Brendan Witt,D,3
1764.0,Rob Zettler,D,4
1768.0,Jason Marshall,D,3
1783.0,Jason Doig,D,4
1785.0,Joel Kwiatkowski,D,4
1786.0,Steve Eminger,D,3
1796.0,Brad Norton,D,4
1805.0,Mathieu Biron,D,4
1806.0,Ivan Majesky,D,4
1811.0,Mike Green,D,2
1817.0,Brian Pothier,D,4
1818.0,John Erskine,D,3
1819.0,Jeff Schultz,D,4
1824.0,Tom Poti,D,2
1829.0,John Carlson,D,1
1836.0,Jack Hillen,D,4
1852.0,Matt Niskanen,D,2
1853.0,Brooks Orpik,D,3
1854.0,Tim Gleason,D,3
1862.0,Mike Weber,D,4
1864.0,Christian Djoos,D,4
1868.0,Nick Jensen,D,4
1869.0,Jonas Siegenthaler,D,4
1870.0,Radko Gudas,D,3
1871.0,Martin Fehérváry,D,3
1873.0,Brenden Dillon,D,3
1874.0,Justin Schultz,D,2
1890.0,Dennis Cholowski,D,4
1893.0,Rasmus Sandin,D,4
1901.0,Jakob Chychrun,D,2
1902.0,Matt Roy,D,4
1903.0,Declan Chisholm,D,4
1910.0,Brian Rafalski,D,1
1912.0,Scott Niedermayer,D,1
1913.0,Scott Stevens,D,1
1916.0,Ken Sutton,D,4
1920.0,Ken Daneyko,D,3
1928.0,Tommy Albelin,D,2
1930.0,Oleg Tverdovsky,D,2
1932.0,Richard Smehlik,D,3
1934.0,Paul Martin,D,2
1937.0,David Hale,D,4
1941.0,Richard Matvichuk,D,3
1942.0,Vladimir Malakhov,D,2
1947.0,Andy Greene,D,2
1948.0,Jim Fahey,D,4
1950.0,Mark Fraser,D,4
1952.0,Karel Rachunek,D,4
1953.0,Vitaly Vishnevski,D,4
1958.0,Niclas Havelid,D,3
1959.0,Anssi Salmela,D,4
1967.0,Cory Murphy,D,4
1974.0,Henrik Tallinder,D,3
1975.0,Mark Fayne,D,4
1977.0,Anton Volchenkov,D,3
1985.0,Adam Larsson,D,2
1986.0,Kurtis Foster,D,2
1988.0,Marek Zidlicky,D,2
1989.0,Peter Harrold,D,4
2016.0,Ben Lovejoy,D,4
2026.0,Will Butcher,D,3
2028.0,Sami Vatanen,D,2
2030.0,Mirco Mueller,D,4
2035.0,Ryan Murphy,D,4
2037.0,Colton White,D,4
2038.0,Eric Gryba,D,4
2042.0,Dakota Mermis,D,4
2043.0,Matt Tennyson,D,4
2045.0,Fredrik Claesson,D,4
2048.0,Ty Smith,D,4
2052.0,Kevin Bahl,D,4
2053.0,Dmitry Kulikov,D,3
2057.0,Nikita Okhotiuk,D,4
2062.0,Christian Jaros,D,4
2065.0,John Marino,D,4
2067.0,Brendan Smith,D,3
2068.0,Luke Hughes,D,4
2069.0,Simon Nemec,D,3
2073.0,Cal Foote,D,4
2079.0,Brett Pesce,D,2
2089.0,Pavel Trnka,D,4
2100.0,Drew Bannister,D,4
2101.0,Sandis Ozolinsh,D,1
2102.0,Fredrik Olausson,D,2
2116.0,Joe Dipenta,D,4
2126.0,Ryan Whitney,D,2
2128.0,Bret Hedican,D,3
2129.0,Brett Festerling,D,4
2130.0,Brendan Mikkelson,D,4
2135.0,Lubomir Visnovsky,D,2
2138.0,Toni Lydman,D,2
2139.0,Andreas Lilja,D,4
2140.0,Andy Sutton,D,3
2152.0,Mark Fistric,D,4
2154.0,Clayton Stoner,D,3
2155.0,Simon Despres,D,4
2162.0,Shea Theodore,D,2
2163.0,Korbinian Holzer,D,4
2166.0,Brandon Montour,D,2
2170.0,Jacob Larsson,D,4
2183.0,Joshua Mahura,D,4
2187.0,Jake Dotchin,D,4
2189.0,Andrej Sustr,D,4
2190.0,Jani Hakanpää,D,4
2193.0,Jamie Drysdale,D,4
2194.0,Haydn Fleury,D,4
2195.0,Simon Benoit,D,3
2206.0,John Klingberg,D,2
2209.0,Drew Helleson,D,4
2211.0,Jackson LaCombe,D,4
2217.0,Pavel Mintyukov,D,4
2218.0,Olen Zellweger,D,4
2220.0,Ilya Lyubushkin,D,4
2224.0,Robert Hagg,D,4
2226.0,Jacob Trouba,D,2
2235.0,Denis Gauthier,D,3
2236.0,Igor Kravchuk,D,2
2237.0,Brad Werenka,D,3
2240.0,Robyn Regehr,D,3
2241.0,Steve Smith,D,3
2248.0,Petr Buzek,D,4
2257.0,Rhett Warrener,D,3
2262.0,Dion Phaneuf,D,2
2266.0,Mark Giordano,D,2
2272.0,Brad Ference,D,4
2276.0,Adam Pardy,D,3
2286.0,Ian White,D,2
2290.0,Steve Staios,D,3
2293.0,TJ Brodie,D,2
2294.0,Brett Carson,D,4
2296.0,Derek Smith,D,4
2308.0,Ladislav Smid,D,4
2316.0,Deryk Engelland,D,3
2321.0,Jyrki Jokipakka,D,4
2325.0,Oliver Kylington,D,4
2327.0,Michael Stone,D,3
2329.0,Rasmus Andersson,D,2
2330.0,Nicklas Grossmann,D,4
2338.0,Noah Hanifin,D,2
2341.0,Juuso Välimäki,D,4
2350.0,MacKenzie Weegar,D,2
2356.0,Daniil Miromanov,D,4
2357.0,Brayden Pachal,D,4
2372.0,Eric Desjardins,D,1
2376.0,Michal Sykora,D,4
2379.0,Chris Therien,D,3
2396.0,John Slaney,D,3
2400.0,Marcus Ragnarsson,D,3
2402.0,Dmitry Yushkevich,D,2
2405.0,Joni Pitkanen,D,2
2408.0,Danny Markov,D,3
2409.0,Freddy Meyer,D,4
2410.0,Randy Jones,D,4
2411.0,Mike Rathje,D,3
2412.0,Derian Hatcher,D,3
2423.0,Alexei Zhitnik,D,2
2424.0,Braydon Coburn,D,3
2432.0,Jason Smith,D,3
2435.0,Jaroslav Modry,D,3
2437.0,Matt Carle,D,2
2445.0,Oskars Bartulis,D,4
2454.0,Pavel Kubina,D,2
2456.0,Bruno Gervais,D,3
2465.0,Andrew MacDonald,D,3
2469.0,Shayne Gostisbehere,D,2
2478.0,Travis Sanheim,D,3
2485.0,Philippe Myers,D,3
2486.0,Justin Braun,D,4
2495.0,Egor Zamula,D,4
2496.0,Cam York,D,4
2498.0,Keith Yandle,D,2
2499.0,Rasmus Ristolainen,D,2
2502.0,Ryan Ellis,D,2
2509.0,Tony DeAngelo,D,2
2516.0,Marc Staal,D,2
2519.0,Emil Andrae,D,4
2528.0,Brayden McNabb,D,3
2533.0,Zach Whitecloud,D,4
2537.0,Nicolas Hague,D,3
2539.0,Alec Martinez,D,1
2543.0,Dylan Coghlan,D,4
2558.0,Tobias Bjornfot,D,4
2568.0,Glen Wesley,D,2
2569.0,Kevin Hatcher,D,1
2570.0,Dave Karpa,D,3
2572.0,Niclas Wallin,D,3
2574.0,Steven Halko,D,4
2583.0,Tomas Malec,D,4
2590.0,Frantisek Kaberle,D,2
2592.0,Andrew Hutchinson,D,4
2600.0,Josef Melichar,D,4
2607.0,Jamie McBain,D,4
2608.0,Jay Harrison,D,4
2617.0,Brett Bellemore,D,4
2621.0,Andrej Sekera,D,3
2630.0,Jaccob Slavin,D,2
2642.0,Jake Gardiner,D,2
2645.0,Brady Skjei,D,2
2651.0,Joakim Ryan,D,4
2655.0,Maxime Lajoie,D,4
2656.0,Brent Burns,D,1
2672.0,Kenny Jonsson,D,2
2675.0,Garry Galley,D,2
2679.0,Kevin Haller,D,3
2680.0,Branislav Mezei,D,4
2681.0,Eric Cairns,D,3
2698.0,Alain Nasreddine,D,4
2703.0,Denis Grebeshkov,D,4
2715.0,Matthew Spiller,D,4
2719.0,Thomas Pock,D,4
2737.0,Mark Eaton,D,4
2746.0,Matt Donovan,D,4
2747.0,Thomas Hickey,D,3
2748.0,Brian Strait,D,4
2750.0,Matt Carkner,D,3
2760.0,Scott Mayfield,D,3
2766.0,Ryan Pulock,D,2
2767.0,Adam Pelech,D,4
2800.0,Toby Enstrom,D,2
2801.0,Zach Bogosian,D,3
2808.0,Derek Meech,D,4
2816.0,Keaton Ellerby,D,4
2824.0,Josh Morrissey,D,2
2831.0,Neal Pionk,D,2
2832.0,Anthony Bitetto,D,4
2837.0,Dylan DeMelo,D,4
2838.0,Logan Stanley,D,4
2841.0,Dylan Samberg,D,4
2846.0,Kyle Capobianco,D,4
2858.0,Mattias Norstrom,D,3
2859.0,Jere Karalahti,D,4
2860.0,Philippe Boucher,D,3
2864.0,Aki Berg,D,4
2867.0,Jason Holland,D,4
2876.0,Maxim Kuznetsov,D,4
2900.0,Drew Doughty,D,1
2902.0,Matt Greene,D,3
2904.0,Rob Scuderi,D,3
2908.0,Jake Muzzin,D,2
2909.0,Slava Voynov,D,3
2912.0,Kevin Gravel,D,4
2923.0,Mikey Anderson,D,4
2929.0,Sean Durzi,D,3
2930.0,Jordan Spence,D,3
2932.0,Jacob Moverare,D,4
2936.0,Brandt Clarke,D,3
2944.0,Jamie Oleksiak,D,3
2946.0,Will Borgen,D,4
2953.0,Brian Dumoulin,D,3
2954.0,Ryker Evans,D,4
2966.0,Maxim Galanov,D,4
2968.0,Grant Ledyard,D,2
2970.0,Petr Svoboda,D,3
2972.0,Craig Millar,D,4
2973.0,Stan Neckar,D,4
2980.0,Dan Boyle,D,1
2988.0,Janne Laukkanen,D,3
2990.0,Paul Ranger,D,3
2994.0,Filip Kuba,D,2
2997.0,Mike Lundin,D,4
3000.0,Matt Smaby,D,4
3010.0,Victor Hedman,D,1
3015.0,Matt Gilroy,D,3
3016.0,Brian Lee,D,4
3019.0,Keith Aulie,D,4
3030.0,Dan Girardi,D,2
3032.0,Ryan McDonagh,D,1
3033.0,Erik Cernak,D,3
3036.0,Andreas Borgman,D,4
3043.0,Darren Raddysh,D,4
3044.0,Nick Perbix,D,4
3050.0,Emil Lilleberg,D,4
3053.0,Mathew Dumba,D,2
3059.0,J.J. Moser,D,4
3064.0,Bryan McCabe,D,2
3067.0,Dave Manson,D,3
3068.0,Cory Cross,D,3
3073.0,Jyrki Lumme,D,2
3074.0,Karel Pilar,D,3
3076.0,Robert Svehla,D,2
3081.0,Brendan Bell,D,4
3095.0,Garnet Exelby,D,3
3102.0,Morgan Rielly,D,2
3115.0,Martin Marincin,D,4
3123.0,Alexey Marchenko,D,4
3125.0,Justin Holl,D,4
3129.0,Cody Ceci,D,3
3131.0,Timothy Liljegren,D,4
3150.0,Matt Benning,D,4
3153.0,Igor Ulanov,D,3
3156.0,Frantisek Musil,D,3
3158.0,Scott Ferguson,D,4
3161.0,Ales Pisa,D,4
3162.0,Alexei Semenov,D,4
3175.0,Theo Peckham,D,4
3194.0,Oscar Klefbom,D,2
3201.0,Darnell Nurse,D,2
3207.0,Evan Bouchard,D,2
3208.0,Alexander Petrovic,D,4
3220.0,Mattias Ekholm,D,2
3222.0,Vincent Desharnais,D,4
3223.0,Jason Demers,D,3
3226.0,Ty Emberson,D,4
3237.0,Paul Laus,D,3
3238.0,John Jakopin,D,4
3239.0,Lance Pitlick,D,4
3241.0,Mike Wilson,D,4
3266.0,Ville Koistinen,D,4
3280.0,Aaron Ekblad,D,2
3282.0,Jakub Kindl,D,4
3286.0,Mark Pysyk,D,4
3306.0,Uvis Balinskis,D,3
3310.0,Hans Jonsson,D,4
3316.0,Bobby Dollas,D,3
3322.0,Richard Lintner,D,4
3323.0,Dan Focht,D,4
3334.0,Kris Letang,D,1
3336.0,Alex Goligoski,D,2
3349.0,Trevor Daley,D,2
3351.0,Chad Ruhwedel,D,4
3357.0,P.O Joseph,D,4
3364.0,Erik Karlsson,D,1
3378.0,Bill Houlder,D,2
3392.0,Tomas Kloucek,D,4
3394.0,Brad Bombardir,D,4
3395.0,Ryan Suter,D,2
3396.0,Kevin Klein,D,3
3407.0,Roman Josi,D,1
3418.0,Ben Harpur,D,4
3421.0,Mark Borowiecki,D,4
3431.0,Marc Del Gaizo,D,4
3442.0,Sylvain Lefebvre,D,3
3444.0,Brad Brown,D,3
3446.0,Dale Purinton,D,4
3448.0,David Wilkie,D,4
3450.0,Bert Robertsson,D,3
3465.0,Dmitri Kalinin,D,3
3466.0,Michael Sauer,D,4
3474.0,Stu Bickel,D,4
3486.0,Libor Hajek,D,4
3488.0,Ryan Lindgren,D,3
3489.0,Adam Fox,D,2
3491.0,K'Andre Miller,D,2
3492.0,Zac Jones,D,4
3494.0,Braden Schneider,D,4
3495.0,Nils Lundkvist,D,4
3504.0,Nicklas Lidstrom,D,1
3510.0,Steve Duchesne,D,1
3512.0,Larry Murphy,D,1
3514.0,Jiri Fischer,D,4
3515.0,Chris Chelios,D,1
3520.0,Uwe Krupp,D,2
3522.0,Jason Woolley,D,2
3525.0,Niklas Kronwall,D,2
3529.0,Jonathan Ericsson,D,3
3537.0,Brian Lashoff,D,4
3538.0,Danny DeKeyser,D,3
3558.0,Moritz Seider,D,2
3563.0,Simon Edvinsson,D,4
3573.0,James Patrick,D,2
3576.0,Doug Houda,D,3
3581.0,Teppo Numminen,D,2
3595.0,Rasmus Dahlin,D,2
3600.0,Jacob Bryson,D,4
3602.0,Mattias Samuelsson,D,4
3604.0,Owen Power,D,4
3615.0,Michael Kesselring,D,4
3619.0,Chris Phillips,D,2
3620.0,Ricard Persson,D,3
3621.0,Curtis Leschyshyn,D,3
3628.0,Christoph Schubert,D,4
3634.0,Jared Cowen,D,4
3642.0,Thomas Chabot,D,2
3652.0,Erik Brannstrom,D,4
3656.0,Artem Zub,D,4
3659.0,Jacob Bernard-Docker,D,4
3666.0,Jake Sanderson,D,2
3668.0,Tyler Kleven,D,4
3674.0,Nikolas Matinpalo,D,4
3680.0,Gary Suter,D,1
3692.0,Marc-Edouard Vlasic,D,2
3710.0,Radim Simek,D,4
3712.0,Jake Middleton,D,4
3713.0,Mario Ferraro,D,4
3718.0,Nikolai Knyzhov,D,4
3723.0,Nicolas Meloche,D,4
3737.0,Henry Thrun,D,4
3739.0,Calen Addison,D,4
3749.0,Sergei Zubov,D,1
3755.0,Gerald Diduck,D,3
3757.0,Lubomir Sekeras,D,4
3776.0,Stephen Johns,D,4
3777.0,Esa Lindell,D,3
3778.0,Julius Honka,D,4
3781.0,Miro Heiskanen,D,2
3787.0,Thomas Harley,D,3
3809.0,Ladislav Benysek,D,4
3814.0,J.J. Daigneault,D,3
3815.0,Travis Roche,D,4
3830.0,Jared Spurgeon,D,2
3841.0,Jonas Brodin,D,2
3858.0,Brock Faber,D,2
3867.0,Chris Tamer,D,3
3872.0,Chris Joseph,D,3
3875.0,Joel Bouchard,D,4
3876.0,Adam Burt,D,3
3878.0,David Harlock,D,4
3889.0,Matt Jones,D,4
3896.0,Boris Valabik,D,4
3913.0,Dysin Mayo,D,4
26.0,Rob Shearer,C,5
27.0,Joel Prpic,C,5
28.0,Yuri Babenko,C,5
38.0,Kelly Fairchild,C,5
39.0,Jordan Krestanovich,LW,5
40.0,Jeff Daw,C,5
41.0,Jaroslav Obsut,D,5
50.0,Denis Smith,D,5
52.0,Steve Brule,C,5
53.0,Jeff Paul,D,5
54.0,Charlie Stephens,C,5
62.0,Travis Brigley,LW,5
71.0,Dennis Bonvie,RW,5
72.0,Mikhail Kuleshov,LW,5
96.0,Jaroslav Hlinka,C,5
108.0,Ray Macias,D,5
110.0,Wes O'Neill,D,5
111.0,Per Ledin,LW,5
113.0,Lawrence Nycholat,D,5
114.0,Aaron MacKenzie,D,5
116.0,Derek Peltier,D,5
117.0,Mike Vernace,D,5
124.0,Ryan Stoa,C,5
126.0,Justin Mercier,C,5
129.0,Darren Haydar,RW,5
133.0,Greg Mauldin,LW,5
137.0,Mark Olver,C,5
138.0,Jonas Holos,D,5
140.0,David Van Der Gulik,LW,5
141.0,David Liffiton,D,5
142.0,Cameron Gaunce,D,5
143.0,Colby Cohen,D,5
144.0,Shawn Belle,D,5
150.0,Stefan Elliott,D,5
154.0,Mike Connolly,LW,5
155.0,Evan Brophey,C,5
159.0,Aaron Palushaj,RW,5
163.0,Michael Sgarbossa,C,5
171.0,Karl Stollery,D,5
178.0,Borna Rendulic,RW,5
179.0,Joey Hishon,C,5
180.0,Freddie Hamilton,C,5
181.0,Andrew Agozzino,LW,5
182.0,Duncan Siemens,D,5
183.0,Colin Smith,C,5
184.0,Ben Street,C,5
195.0,Chris Bigras,D,5
196.0,Andrew Bodnarchuk,D,5
198.0,Brandon Gormley,D,5
210.0,Samuel Henley,C,5
222.0,David Warsofsky,D,5
223.0,Andrei Mironov,D,5
225.0,Vladislav Kamenev,C,5
226.0,Mark Alt,D,5
233.0,Marko Dano,C,5
241.0,Martin Kaut,RW,5
243.0,T.J. Tynan,C,5
249.0,Jacob MacDonald,D,5
253.0,Dan Renouf,D,5
256.0,Dennis Gilbert,D,5
267.0,Ben Meyers,C,5
268.0,Dylan Sikura,RW,5
270.0,Stefan Matteau,C,5
271.0,Jordan Gross,D,5
274.0,Mikhail Maltsev,LW,5
283.0,Callahan Burke,C,5
288.0,Anton Blidh,LW,5
303.0,Riley Tufte,LW,5
310.0,Ivan Ivan,C,5
311.0,Wyatt Aamodt,D,5
312.0,Jack Ahcan,D,5
314.0,Tye Felhaber,LW,5
338.0,Reto Von Arx,LW,5
343.0,Casey Hankinson,LW,5
351.0,Mike Peluso,RW,5
356.0,Vladimir Chebaturkin,D,5
359.0,Matt Henderson,LW,5
365.0,Igor Radulov,LW,5
368.0,Burke Henry,D,5
378.0,Mikhail Yakubov,C,5
380.0,Matt Keith,RW,5
381.0,Pavel Vorobiev,RW,5
384.0,Quintin Laing,LW,5
385.0,Michal Barinka,D,5
386.0,Matt Ellison,RW,5
394.0,Mark Cullen,C,5
398.0,Milan Bartovic,RW,5
402.0,Brandon Bochenski,RW,5
404.0,Jason Morgan,C,5
405.0,Mike Brown,LW,5
407.0,Martin St. Pierre,C,5
408.0,Danny Richmond,D,5
418.0,Karl Stewart,LW,5
421.0,Jonas Nordqvist,C,5
422.0,Carl Corazzini,C,5
427.0,Mike Blunden,RW,5
437.0,Petri Kontiola,C,5
440.0,Magnus Johansson,D,5
446.0,Adam Berti,LW,5
452.0,Pascal Pelletier,LW,5
459.0,Radek Smolenak,LW,5
466.0,Jeremy Morin,LW,5
487.0,Shawn Lalonde,D,5
489.0,Drew LeBlanc,C,5
491.0,Michael Kostka,D,5
493.0,Matt Carey,LW,5
494.0,Brad Mills,C,5
499.0,Adam Clendening,D,5
502.0,Michael Paliotta,D,5
505.0,Kyle Baun,RW,5
507.0,Tim Erixon,D,5
522.0,Spencer Abbott,LW,5
533.0,Carl Dahlstrom,D,5
535.0,Blake Hillman,D,5
536.0,Victor Ejdsell,C,5
543.0,Alexandre Fortin,LW,5
547.0,Luke Johnson,C,5
548.0,Jacob Nilsson,C,5
558.0,Lucas Carlsson,D,5
561.0,Anton Wedin,LW,5
562.0,John Quenneville,C,5
566.0,Wyatt Kalynuk,D,5
567.0,Ian Mitchell,D,5
569.0,Mike Hardman,LW,5
588.0,Kurtis Gabriel,RW,5
589.0,Isaak Phillips,D,5
597.0,Cole Guttman,C,5
599.0,Buddy Robinson,RW,5
604.0,David Gust,RW,5
606.0,Luke Philp,C,5
614.0,Landon Slaggert,LW,5
616.0,Louis Crevier,D,5
623.0,Nolan Allan,D,5
624.0,Colton Dach,C,5
642.0,Chris Nielsen,RW,5
644.0,Mike Maneluk,RW,5
647.0,Jan Caloun,RW,5
651.0,William Bowler,C,5
653.0,Martin Spanhel,LW,5
656.0,Sean Selmser,LW,5
658.0,Michael Gaul,D,5
660.0,Matt Davidson,RW,5
666.0,Andrej Nedorost,LW,5
668.0,Blake Bellefeuille,C,5
669.0,Brad Moran,C,5
676.0,Hannes Hyvonen,RW,5
680.0,Darrel Scoville,D,5
681.0,Kent McDonell,RW,5
682.0,Paul Manning,D,5
689.0,Mark Hartigan,C,5
691.0,Todd Rohloff,D,5
692.0,Donald MacLean,C,5
696.0,Zenith Komarniski,D,5
697.0,Joe Motzko,RW,5
698.0,Mike Pandolfo,LW,5
706.0,Geoff Platt,C,5
709.0,Peter Sarno,C,5
710.0,Cam Severson,LW,5
714.0,Alexandre Picard,LW,5
715.0,Steven Goertzen,RW,5
719.0,Darcy Campbell,D,5
720.0,Filip Novak,D,5
731.0,Clay Wilson,D,5
734.0,Adam Pineault,RW,5
742.0,Nikita Filatov,LW,5
744.0,Maksim Mayorov,LW,5
746.0,Mathieu Roy,D,5
750.0,Tomas Kana,C,5
751.0,Chad Kolarik,C,5
752.0,Trevor Frischmon,C,5
753.0,Greg Moore,RW,5
755.0,Kyle Wilson,C,5
758.0,Tomas Kubalik,RW,5
770.0,Ryan Russell,LW,5
772.0,Alexandre Giroux,LW,5
773.0,Cody Bass,C,5
774.0,Andrew Joudrey,C,5
776.0,Dane Byers,LW,5
780.0,Sean Collins,C,5
781.0,Nick Drazenovic,C,5
792.0,Kerby Rychel,LW,5
795.0,Frédéric St-Denis,D,5
804.0,John Ramage,D,5
811.0,Gabriel Carlsson,D,5
815.0,Jordan Schroeder,C,5
820.0,Alex Broadhurst,C,5
826.0,Kole Sherwood,RW,5
831.0,Jakob Lilja,LW,5
835.0,Ryan MacInnis,C,5
836.0,Calvin Thurkauf,C,5
840.0,Mikko Lehtonen,D,5
850.0,Gregory Hofmann,C,5
852.0,Carson Meyer,RW,5
854.0,Trey Fix-Wolansky,RW,5
860.0,Marcus Bjork,D,5
861.0,Lane Pederson,C,5
862.0,Tim Berni,D,5
865.0,Joona Luoto,LW,5
866.0,Justin Richards,C,5
869.0,Billy Sweezey,D,5
884.0,Denton Mateychuk,D,5
885.0,Owen Sillinger,C,5
909.0,Peter Smrek,D,5
913.0,Dale Clarke,D,5
914.0,Daniel Trebil,D,5
926.0,Tom Koivisto,D,5
928.0,Peter Sejna,LW,5
933.0,Jeff Heerema,RW,5
935.0,Jeremy Yablonski,RW,5
937.0,Mike Stuart,D,5
938.0,Steve McLaren,LW,5
939.0,Jame Pollock,D,5
944.0,Mike Glumac,C,5
948.0,Simon Gamache,LW,5
950.0,Timofei Shishkanov,RW,5
951.0,Andy Roach,D,5
954.0,Colin Hemingway,LW,5
955.0,Jon Disalvatore,RW,5
964.0,Tomas Mojzis,D,5
970.0,Steve Wagner,D,5
972.0,Yan Stastny,C,5
974.0,Micki Dupont,D,5
982.0,Steve Regier,LW,5
983.0,Cam Paddock,C,5
988.0,Jonas Junland,D,5
994.0,Philip McRae,C,5
996.0,Stefan Della Rovere,LW,5
1000.0,Evgeny Grachev,C,5
1002.0,Cade Fairchild,D,5
1003.0,Brett Sterling,LW,5
1019.0,Petteri Lindbohm,D,5
1028.0,Jeremy Welsh,C,5
1030.0,Kenny Agostino,LW,5
1031.0,Jordan Schmaltz,D,5
1032.0,Wade Megan,C,5
1041.0,Mitch Reinke,D,5
1049.0,Jakub Jerabek,D,5
1057.0,Austin Poganski,RW,5
1063.0,Steven Santini,D,5
1065.0,Logan Brown,C,5
1070.0,Matthew Peca,C,5
1076.0,Nikita Alexandrov,C,5
1077.0,Tyler Tucker,D,5
1078.0,William Bitten,C,5
1079.0,Hugh McGing,LW,5
1081.0,Matthew Kessel,D,5
1091.0,Corey Schueneman,D,5
1110.0,Cameron Mann,RW,5
1112.0,Lee Goren,RW,5
1113.0,Zdenek Kutlak,D,5
1114.0,Brandon Smith,D,5
1115.0,Eric Manlow,C,5
1116.0,Marquis Mathieu,C,5
1118.0,Joe Hulbig,LW,5
1119.0,Pavel Kolarik,D,5
1120.0,Jay Henderson,LW,5
1132.0,Chris Kelleher,D,5
1133.0,Tony Tuzzolino,RW,5
1136.0,Kris Vernarsky,C,5
1137.0,Rich Brennan,D,5
1139.0,Martin Samuelsson,LW,5
1142.0,Matthew Herr,C,5
1150.0,Sergei Zinovjev,C,5
1151.0,Doug Doull,LW,5
1164.0,Josh Langfeld,RW,5
1165.0,Jay Leach,D,5
1166.0,Eric Healey,C,5
1167.0,Nathan Robinson,LW,5
1168.0,Zdenek Blatny,LW,5
1169.0,Ben Walter,C,5
1179.0,Petr Kalus,RW,5
1182.0,Bobby Allen,D,5
1183.0,Matt Lashoff,D,5
1184.0,Wade Brookbank,D,5
1185.0,Jonathan Sigalet,D,5
1196.0,Martins Karsums,RW,5
1201.0,Zach Hamill,C,5
1203.0,Guillaume Lefebvre,LW,5
1204.0,Jeff Penner,D,5
1205.0,Drew Larman,C,5
1211.0,Jamie Arniel,C,5
1215.0,Carter Camper,C,5
1216.0,Max Sauve,C,5
1217.0,Josh Hennessy,C,5
1218.0,Lane MacDermid,LW,5
1222.0,Chris Bourque,LW,5
1224.0,Jamie Tardif,RW,5
1231.0,Matt Fraser,RW,5
1232.0,Justin Florek,LW,5
1233.0,Alex Khokhlachev,C,5
1234.0,Craig Cunningham,LW,5
1235.0,Zach Trotman,D,5
1236.0,Matt Lindblad,C,5
1240.0,Seth Griffith,C,5
1243.0,Brian Ferlin,RW,5
1244.0,Bobby Robins,RW,5
1249.0,Tyler Randell,RW,5
1250.0,Joonas Kemppainen,C,5
1252.0,Tommy Cross,D,5
1259.0,Peter Cehlarik,LW,5
1260.0,Jakob Forsbacka Karlsson,C,5
1262.0,Rob O'Gara,D,5
1267.0,Jordan Szwarz,C,5
1269.0,Colby Cave,C,5
1270.0,Karson Kuhlman,C,5
1272.0,Zach Senyshyn,RW,5
1284.0,Cameron Hughes,C,5
1289.0,Oskar Steen,C,5
1294.0,Marc McLaughlin,C,5
1295.0,Jesper Froden,RW,5
1296.0,Steven Fogarty,C,5
1297.0,Tyler Lewington,D,5
1304.0,Joona Koppanen,LW,5
1308.0,Matthew Poitras,C,5
1314.0,Anthony Richard,C,5
1326.0,Jeffrey Viel,LW,5
1343.0,Xavier Delisle,C,5
1346.0,Eric Chouinard,C,5
1347.0,Andrei Bashkirov,LW,5
1348.0,Matthieu DescÃ´teaux,D,5
1349.0,Johan Witehall,LW,5
1355.0,Eric Bertrand,LW,5
1356.0,Matt Higgins,C,5
1357.0,Francis Belanger,LW,5
1366.0,Benoit Gratton,C,5
1367.0,Martti Jarventie,D,5
1371.0,Gordie Dwyer,LW,5
1378.0,Jozef Balej,RW,5
1385.0,Jonathan Ferland,RW,5
1387.0,Jean-Philippe Cote,D,5
1390.0,Duncan Milroy,RW,5
1397.0,Corey Locke,C,5
1398.0,Gregory Stewart,LW,5
1405.0,Ben Maxwell,C,5
1412.0,Brock Trotter,LW,5
1413.0,JT Wyman,RW,5
1414.0,Mathieu Carle,D,5
1417.0,Brendon Nash,D,5
1418.0,Andreas Engqvist,C,5
1424.0,Blake Geoffrion,C,5
1426.0,Gabriel Dumont,C,5
1435.0,Joonas Nattinen,C,5
1436.0,Christian Thomas,LW,5
1437.0,Patrick Holland,RW,5
1448.0,Daniel Carr,LW,5
1450.0,Darren Dietz,D,5
1452.0,Lucas Lessio,LW,5
1454.0,Bud Holloway,C,5
1455.0,Brett Lernout,D,5
1456.0,Morgan Ellis,D,5
1457.0,Ryan Johnston,D,5
1464.0,Nikita Scherbak,RW,5
1475.0,Rinat Valiev,D,5
1489.0,Lukas Vejdemo,C,5
1492.0,Otto Leskinen,D,5
1493.0,Riley Barber,RW,5
1498.0,Alex Belzile,RW,5
1503.0,Laurent Dauphin,C,5
1506.0,Sami Niku,D,5
1507.0,Kale Clague,D,5
1511.0,William Lagesson,D,5
1512.0,Adam Brooks,C,5
1514.0,Brandon Baddock,LW,5
1524.0,Lucas Condotta,LW,5
1528.0,Frederic Allard,D,5
1531.0,Joshua Roy,RW,5
1533.0,Mitchell Stephens,C,5
1535.0,Brandon Gignac,C,5
1557.0,Bryan Helmer,D,5
1560.0,Josh Holden,C,5
1563.0,Justin Kurtz,D,5
1565.0,Herbert Vasiljevs,RW,5
1566.0,Alexei Tezikov,D,5
1567.0,Brad Leeb,RW,5
1571.0,Brandon Reid,C,5
1573.0,Pat Kavanagh,RW,5
1574.0,Fedor Fedorov,LW,5
1575.0,Mikko Jokela,D,5
1579.0,Martin Grenier,D,5
1580.0,Nathan Smith,C,5
1587.0,Prestin Ryan,D,5
1594.0,Tommi Santala,C,5
1598.0,Patrick Coulombe,D,5
1599.0,Nathan McIver,D,5
1600.0,Jesse Schultz,RW,5
1601.0,Luc Bourdon,D,5
1606.0,Jason Jaffray,LW,5
1607.0,Zack Fitzgerald,D,5
1615.0,Alexandre Bolduc,C,5
1622.0,Guillaume Desbiens,RW,5
1623.0,Mario Bliznak,C,5
1624.0,Evan Oberg,D,5
1625.0,Sergei Shirokov,LW,5
1630.0,Lee Sweatt,D,5
1634.0,Jonas Andersson,RW,5
1636.0,Yann Sauve,D,5
1640.0,Mike Duco,RW,5
1641.0,Alexander Sulzer,D,5
1642.0,Bill Sweatt,LW,5
1643.0,Mark Mancari,RW,5
1646.0,Nicklas Jensen,RW,5
1647.0,Frank Corrado,D,5
1648.0,Andrew Gordon,RW,5
1649.0,Steven Pinizzotto,RW,5
1651.0,Darren Archibald,RW,5
1652.0,Kellan Lain,LW,5
1653.0,Michael Zalewski,LW,5
1654.0,Benn Ferriero,RW,5
1658.0,Ronalds Kenins,LW,5
1663.0,Brandon DeFazio,LW,5
1672.0,Alex Friesen,C,5
1673.0,Hunter Shinkaruk,C,5
1674.0,Alexandre Grenier,RW,5
1675.0,Andrey Pedan,D,5
1677.0,Reid Boucher,C,5
1682.0,Anton Rodin,RW,5
1683.0,Evan McEneny,D,5
1684.0,Griffen Molino,C,5
1686.0,Joseph LaBate,C,5
1690.0,Ashton Sautner,D,5
1691.0,Philip Holm,D,5
1698.0,Josh Teves,D,5
1699.0,Brogan Rafferty,D,5
1700.0,Guillaume Brisebois,D,5
1711.0,Olli Juolevi,D,5
1712.0,Jack Rathbone,D,5
1717.0,William Lockwood,RW,5
1718.0,Kole Lind,RW,5
1719.0,Marc Michaelis,LW,5
1729.0,Sheldon Rempal,RW,5
1735.0,Christian Wolanin,D,5
1736.0,Vitali Kravtsov,RW,5
1739.0,Aatu Raty,C,5
1743.0,Mark Friedman,D,5
1745.0,Arshdeep Bains,LW,5
1750.0,Max Sasson,C,5
1767.0,Jakub Cutta,D,5
1771.0,Jean-Francois Fortin,D,5
1772.0,Nolan Yonkman,D,5
1776.0,Chris Corrinet,RW,5
1777.0,Patrick Boileau,D,5
1778.0,Dean Melanson,D,5
1780.0,Michael Farrell,RW,5
1784.0,Andreas Salomonsson,C,5
1787.0,Josef Boumedienne,D,5
1790.0,Darcy Verot,C,5
1791.0,John Gruden,D,5
1792.0,Owen Fussey,RW,5
1794.0,Dwayne Zinger,D,5
1795.0,Roman Tvrdon,C,5
1797.0,Melvin Angelstad,LW,5
1798.0,Andrei Podkonicky,C,5
1799.0,Graham Mink,RW,5
1800.0,Garret Stroshein,RW,5
1801.0,Chris Hajt,D,5
1809.0,Petr Sykora,C,5
1812.0,Boyd Kane,LW,5
1813.0,Joey Tenute,C,5
1814.0,Louis Robitaille,LW,5
1820.0,Jamie Hunt,D,5
1821.0,Timo Helbling,D,5
1825.0,Tyler Sloan,D,5
1826.0,Oskar Osala,LW,5
1827.0,Staffan Kronwall,D,5
1831.0,Brian Fahey,D,5
1834.0,Joel Rechlicz,RW,5
1835.0,Tomas Kundratek,D,5
1837.0,Steve Oleksy,D,5
1840.0,Cameron Schilling,D,5
1844.0,Casey Wellman,C,5
1846.0,Patrick Wey,D,5
1847.0,Chris Brown,RW,5
1848.0,Julien Brouillette,D,5
1849.0,Alexander Urbom,D,5
1850.0,Peter LeBlanc,C,5
1851.0,Nicolas Deschamps,C,5
1855.0,Stanislav Galiev,RW,5
1859.0,Aaron Ness,D,5
1863.0,Garrett Mitchell,RW,5
1865.0,Shane Gersich,LW,5
1879.0,Garrett Pilon,C,5
1881.0,Brian Pinho,C,5
1882.0,Philippe Maillet,C,5
1884.0,Joe Snively,C,5
1889.0,Lucas Johansen,D,5
1891.0,Mike Vecchione,RW,5
1892.0,Alexander Alexeyev,D,5
1895.0,Dylan McIlrath,D,5
1897.0,Ivan Miroshnichenko,LW,5
1898.0,Matthew Phillips,RW,5
1899.0,Hardy Haman Aktell,D,5
1904.0,Ethen Frank,C,5
1918.0,Steve Kelly,C,5
1923.0,Stanislav Gron,C,5
1924.0,Sascha Goc,D,5
1927.0,Christian Berglund,LW,5
1933.0,Raymond Giroux,D,5
1938.0,Rob Skrlac,LW,5
1939.0,Aleksander Suglobov,RW,5
1940.0,Tuomas Pihlman,LW,5
1943.0,Barry Tallackson,RW,5
1945.0,Jason Ryznar,LW,5
1949.0,Alexander Brooks,D,5
1954.0,Noah Clarke,LW,5
1956.0,Olli Malmivaara,D,5
1960.0,Petr Vrana,LW,5
1962.0,Pierre-Luc Letourneau-Leblond,RW,5
1963.0,Patrick Davis,RW,5
1965.0,Vladimir Zharkov,RW,5
1966.0,Ilkka Pikkarainen,RW,5
1968.0,Tyler Eckford,D,5
1970.0,Tim Sestito,LW,5
1971.0,Matthew Corrente,D,5
1978.0,Matt Taormina,D,5
1979.0,Alexander Vasyunov,LW,5
1983.0,Olivier Magnan,D,5
1991.0,Steven Zalewski,C,5
1995.0,Matt Anderson,RW,5
1996.0,Harri Pesonen,C,5
2000.0,Joe Whitney,RW,5
2001.0,Mike Sislo,RW,5
2002.0,Seth Helgeson,D,5
2003.0,Raman Hrabarenka,D,5
2009.0,Blake Pietila,LW,5
2010.0,Brian O'Neill,RW,5
2011.0,Paul Thompson,RW,5
2012.0,Jim O'Brien,C,5
2013.0,Vojtech Mozik,D,5
2017.0,Yohann Auvitu,D,5
2020.0,Ben Thomson,LW,5
2021.0,Blake Speers,C,5
2023.0,Michael Kapla,D,5
2031.0,Egor Yakovlev,D,5
2032.0,Jean-Sebastien Dea,C,5
2036.0,Josh Jacobs,D,5
2044.0,Nick Merkley,RW,5
2050.0,Nolan Foote,LW,5
2051.0,Marián Studenic,RW,5
2060.0,Chase De Leo,LW,5
2063.0,Mason Geertsen,LW,5
2071.0,Nick DeSimone,D,5
2072.0,Santeri Hatakka,D,5
2074.0,Samuel Laberge,LW,5
2086.0,Mike Crowley,D,5
2091.0,Jonas Ronnqvist,RW,5
2093.0,Antti Jussi Niemi,D,5
2095.0,Bob Wren,LW,5
2099.0,Timo Parssinen,LW,5
2105.0,Chris O'Sullivan,D,5
2109.0,Garrett Burnett,LW,5
2111.0,Tony Martensson,C,5
2112.0,Chris Armstrong,D,5
2113.0,Mark Popovic,D,5
2117.0,Bruno St. Jacques,D,5
2118.0,Kip Brennan,LW,5
2119.0,Trevor Gillies,LW,5
2121.0,Bjorn Melin,RW,5
2124.0,Petteri Wirtanen,C,5
2125.0,Maxim Kondratiev,D,5
2131.0,Brian Salcido,D,5
2137.0,MacGregor Sharp,C,5
2141.0,Danny Syvret,D,5
2144.0,Maxime Macenauer,C,5
2146.0,Ryan O'Marra,C,5
2147.0,Mat Clark,D,5
2153.0,Alex Grant,D,5
2156.0,Colby Robak,D,5
2157.0,Jesse Blacker,D,5
2158.0,Max Friberg,RW,5
2164.0,Harry Zolnierczyk,LW,5
2167.0,Nick Sorensen,RW,5
2168.0,Nicolas Kerdiles,LW,5
2169.0,Kalle Kossila,C,5
2172.0,Kevin Roy,C,5
2174.0,Andy Welinski,D,5
2175.0,Mike Liambas,LW,5
2176.0,Giovanni Fiore,RW,5
2179.0,Pontus Aberg,LW,5
2186.0,Brendan Guhle,D,5
2188.0,Justin Kloos,C,5
2192.0,Alexander Volkov,RW,5
2196.0,Gerry Mayhew,C,5
2200.0,Danny O'Regan,C,5
2210.0,Nikita Nesterenko,C,5
2212.0,Glenn Gawdin,C,5
2213.0,Austin Strand,D,5
2214.0,Justin Kirkland,C,5
2222.0,Sam Colangelo,RW,5
2233.0,Daniel Tkaczuk,C,5
2243.0,Dallas Eakins,D,5
2247.0,Jukka Hentunen,RW,5
2249.0,Jason Botterill,LW,5
2251.0,Alan Letang,D,5
2252.0,Ryan Christie,LW,5
2254.0,Mathias Johansson,C,5
2255.0,Robert Dome,LW,5
2256.0,Rick Mrozik,D,5
2259.0,Lynn Loyns,C,5
2265.0,Richie Regehr,D,5
2268.0,Carsen Germyn,C,5
2271.0,Tomi Maki,RW,5
2275.0,Tim Ramholt,D,5
2278.0,Matt Pelech,RW,5
2279.0,Brett Sutter,LW,5
2281.0,John Negrin,D,5
2283.0,Kris Chucko,LW,5
2284.0,Kyle Greentree,LW,5
2291.0,Stefan Meyer,LW,5
2292.0,Greg Nemisz,RW,5
2297.0,Blair Jones,C,5
2298.0,Akim Aliu,RW,5
2300.0,Joe Piskula,D,5
2302.0,Roman Cervenka,C,5
2303.0,Mark Cundari,D,5
2304.0,Max Reinhart,C,5
2305.0,Ben Hanowski,RW,5
2306.0,Carter Bancks,LW,5
2309.0,Tyler Wotherspoon,D,5
2310.0,Chad Billins,D,5
2311.0,Chris Breen,D,5
2312.0,Corban Knight,C,5
2313.0,Bill Arnold,C,5
2314.0,Bryce Van Brabant,LW,5
2318.0,Emile Poirier,LW,5
2319.0,David Wolf,LW,5
2322.0,Jakub Nakladal,D,5
2323.0,Patrick Sieloff,D,5
2324.0,Turner Elson,C,5
2332.0,Spencer Foo,RW,5
2334.0,Morgan Klimchuk,LW,5
2335.0,Marek Hrivik,LW,5
2343.0,Alexander Yelesin,D,5
2344.0,Connor Mackey,D,5
2348.0,Walker Duehr,RW,5
2351.0,Jakob Pelletier,LW,5
2353.0,Radim Zohorna,LW,5
2359.0,Adam Klapka,RW,5
2367.0,Clark Bishop,C,5
2384.0,Mark Greig,RW,5
2385.0,Petr Hubacek,C,5
2386.0,Kirby Law,RW,5
2387.0,Brad Tiley,D,5
2388.0,Tomas Divisek,RW,5
2394.0,Billy Tibbetts,RW,5
2395.0,Jarrod Skalde,C,5
2397.0,Vaclav Pletka,LW,5
2403.0,Mike Siklenka,RW,5
2404.0,Ian MacNeil,C,5
2416.0,Ryan Ready,LW,5
2417.0,David Printz,D,5
2418.0,Wade Skolney,D,5
2419.0,Stefan Ruzicka,RW,5
2425.0,Jussi Timonen,D,5
2426.0,Eric Meloche,RW,5
2427.0,Lars Jonsson,D,5
2428.0,Triston Grant,LW,5
2431.0,Darren Reid,RW,5
2433.0,Denis Tolpeko,RW,5
2440.0,Jon Kalinski,LW,5
2441.0,Nate Raduns,RW,5
2442.0,David Sloane,RW,5
2443.0,Jamie Fritsch,D,5
2444.0,Jared Ross,C,5
2447.0,Mika Pyorala,C,5
2448.0,David Laliberte,RW,5
2449.0,Eric Wellwood,LW,5
2450.0,Ben Holmstrom,C,5
2453.0,Marc-Andre Bourdon,D,5
2455.0,Kevin Marshall,D,5
2457.0,Tye McGinn,LW,5
2458.0,Oliver Lauridsen,D,5
2459.0,Jason Akeson,RW,5
2460.0,Jay Rosehill,LW,5
2461.0,Matthew Konan,D,5
2466.0,Kris Newbury,C,5
2468.0,Petr Straka,RW,5
2470.0,Evgeny Medvedev,D,5
2472.0,Taylor Leier,LW,5
2475.0,Roman Lyubimov,LW,5
2476.0,Samuel Morin,LW,5
2480.0,Will O'Neill,D,5
2481.0,Danick Martel,LW,5
2482.0,Tyrell Goulbourne,LW,5
2484.0,Mikhail Vorobyev,C,5
2487.0,Connor Bunnaman,C,5
2488.0,David Kase,RW,5
2489.0,Carsen Twarynski,LW,5
2491.0,German Rubtsov,C,5
2493.0,Jackson Cates,C,5
2497.0,Tanner Laczynski,C,5
2503.0,Ronnie Attard,D,5
2506.0,Hayden Hodgson,RW,5
2507.0,Linus Hogberg,D,5
2508.0,Linus Sandin,RW,5
2513.0,Olle Lycksell,RW,5
2517.0,Louie Belpedio,D,5
2518.0,Rhett Gardner,C,5
2520.0,Matvei Michkov,RW,5
2521.0,Rodrigo Abols,C,5
2530.0,Tomas Hyka,RW,5
2532.0,Vadim Shipachyov,C,5
2535.0,Valentin Zykov,LW,5
2536.0,Jimmy Schuldt,D,5
2540.0,Gage Quinney,C,5
2542.0,Jake Bischoff,D,5
2548.0,Jonas Rondbjerg,RW,5
2550.0,Kaedan Korczak,D,5
2551.0,Ben Jones,C,5
2554.0,Brendan Brisson,C,5
2555.0,Mason Morelli,LW,5
2559.0,Grigori Denisenko,LW,5
2561.0,Raphael Lavoie,C,5
2575.0,Greg Kuznik,D,5
2576.0,Greg Koehler,C,5
2577.0,Michael Rucinski,D,5
2579.0,Nikos Tselios,D,5
2581.0,Tomas Kurka,LW,5
2582.0,Brad Defauw,LW,5
2584.0,Damian Surma,LW,5
2586.0,Allan Rourke,D,5
2587.0,Brad Fast,D,5
2588.0,Joey Tetarenko,RW,5
2589.0,Brett Lysak,C,5
2593.0,Niklas Nordgren,LW,5
2594.0,David Gove,LW,5
2595.0,Tim Conboy,D,5
2596.0,Casey Borer,D,5
2597.0,Joe Jensen,C,5
2598.0,Brandon Nolan,C,5
2599.0,Joey Mormina,D,5
2601.0,Dwight Helminen,C,5
2602.0,Bryan Rodney,D,5
2605.0,Jakub Petruzalek,C,5
2606.0,Zach Boychuk,LW,5
2609.0,Jerome Samson,RW,5
2611.0,Jon Matsumoto,C,5
2614.0,Bobby Sanguinetti,D,5
2616.0,Tim Wallace,RW,5
2618.0,Jared Staal,RW,5
2619.0,Michal Jordan,D,5
2620.0,Nicolas Blanchard,LW,5
2624.0,Danny Biega,D,5
2625.0,Keegan Lowe,D,5
2626.0,Brendan Woods,LW,5
2627.0,Justin Shugg,RW,5
2628.0,Brody Sutter,C,5
2629.0,Rasmus Rissanen,D,5
2631.0,Sergey Tolchinsky,LW,5
2632.0,Trevor Carrick,D,5
2635.0,Andrew Poturalski,C,5
2637.0,Roland McKeown,D,5
2649.0,Max McCormick,LW,5
2654.0,C.J. Smith,LW,5
2665.0,Juha Jaaska,LW,5
2678.0,Jeff Toms,LW,5
2682.0,Ray Schultz,D,5
2684.0,Anders Myrvold,D,5
2685.0,Evgeny Korolev,D,5
2689.0,Marko Kiprusoff,D,5
2692.0,Jason Podollan,C,5
2695.0,Justin Mapletoft,C,5
2697.0,Tomi Pettinen,D,5
2701.0,Derek Bekar,C,5
2704.0,Rob Collins,RW,5
2705.0,Jeremy Colliton,C,5
2706.0,Cole Jarrett,LW,5
2707.0,Masi Marjamaki,LW,5
2708.0,Ryan Caldwell,D,5
2709.0,Matt Koalska,C,5
2710.0,Kevin Colley,RW,5
2712.0,Drew Fata,D,5
2714.0,Darryl Bootland,RW,5
2717.0,Mike Iggulden,C,5
2720.0,Joe Callahan,D,5
2721.0,Kurtis Mclean,RW,5
2723.0,Jamie Fraser,D,5
2724.0,Sean Bentivoglio,LW,5
2725.0,Brett Skinner,D,5
2726.0,Mitchell Fritz,LW,5
2730.0,Dylan Reese,D,5
2731.0,Dustin Kohn,D,5
2733.0,Mark Flood,D,5
2734.0,Anton Klementyev,D,5
2736.0,Ty Wishart,D,5
2738.0,Justin DiBenedetto,C,5
2739.0,Mark Katic,D,5
2740.0,Shane Sims,D,5
2741.0,Jamie Doornbosch,D,5
2742.0,Matt Campanale,D,5
2743.0,Rhett Rakhshani,RW,5
2744.0,David Ullstrom,LW,5
2751.0,Joe Finley,D,5
2754.0,Kevin Czuczman,D,5
2755.0,John Persson,LW,5
2756.0,Mike Halmo,LW,5
2757.0,Johan Sundstrom,C,5
2758.0,Justin Johnson,RW,5
2759.0,Brett Gallant,LW,5
2763.0,Kael Mouillierat,LW,5
2764.0,Griffin Reinhart,D,5
2768.0,Bracken Kearns,C,5
2770.0,Joshua Ho-Sang,RW,5
2772.0,Connor Jones,C,5
2774.0,Tanner Fritz,C,5
2779.0,Cole Bardreau,C,5
2781.0,Otto Koivula,LW,5
2782.0,Dmytro Timashov,LW,5
2783.0,Robin Salo,D,5
2784.0,Grant Hutton,D,5
2785.0,Paul LaDue,D,5
2789.0,Samuel Bolduc,D,5
2794.0,Maxim Tsyplakov,RW,5
2795.0,Marc Gatcomb,C,5
2796.0,Isaiah George,D,5
2805.0,Spencer Machacek,RW,5
2806.0,Brett MacLean,LW,5
2809.0,Carl Klingberg,LW,5
2810.0,Aaron Gagnon,C,5
2811.0,Kenndal McArdle,LW,5
2812.0,Arturs Kulda,D,5
2813.0,Patrice Cormier,C,5
2815.0,Eric O'Dell,C,5
2817.0,John Albert,C,5
2818.0,Julian Melchiori,D,5
2822.0,Scott Kosmachuk,RW,5
2823.0,JC Lipon,RW,5
2828.0,Nelson Nogier,D,5
2833.0,Ville Heinola,D,5
2835.0,CJ Suess,LW,5
2836.0,Andrei Chibisov,RW,5
2843.0,Kristian Reichel,C,5
2845.0,Jeff Malott,LW,5
2862.0,John Thomas,RW,5
2863.0,Tomas Vlasak,C,5
2868.0,Ryan Flinn,LW,5
2870.0,Jared Aulin,C,5
2872.0,Tomas Zizka,D,5
2873.0,Chris Schmidt,C,5
2875.0,Pavel Rosa,RW,5
2877.0,Scott Barney,C,5
2879.0,Esa Pirnes,C,5
2880.0,John Tripp,RW,5
2882.0,Martin Strbak,D,5
2884.0,Petr Kanko,RW,5
2885.0,Konstantin Pushkarev,RW,5
2886.0,Matt Ryan,C,5
2887.0,Richard Petiot,D,5
2888.0,Connor James,LW,5
2891.0,John Zeiler,RW,5
2893.0,Shay Stephenson,LW,5
2894.0,Lauri Tukonen,RW,5
2895.0,Gabe Gauthier,LW,5
2898.0,Brady Murray,LW,5
2901.0,Oscar Moller,RW,5
2907.0,Corey Elkins,C,5
2910.0,Andrew Campbell,D,5
2911.0,Michael Mersch,LW,5
2915.0,Daniel Brickley,D,5
2916.0,Andrew Crescenzi,C,5
2917.0,Justin Auger,RW,5
2918.0,Matt Luff,RW,5
2921.0,Nikolai Prokhorkin,LW,5
2927.0,Drake Rymsha,C,5
2931.0,Vladimir Tkachev,LW,5
2933.0,Samuel Fagemo,LW,5
2938.0,Akil Thomas,C,5
2939.0,Samuel Helenius,C,5
2941.0,Taylor Ward,RW,5
2947.0,Alex Barré-Boulet,C,5
2948.0,Alexander True,C,5
2956.0,Ryan Winterton,C,5
2969.0,Kristian Kudroc,D,5
2971.0,Kaspars Astashenko,D,5
2974.0,Sergey Gusev,D,5
2975.0,Kyle Freadrich,LW,5
2976.0,Marek Posmyk,D,5
2977.0,Thomas Ziegler,C,5
2978.0,Matt Elich,RW,5
2986.0,Gaetan Royer,RW,5
2987.0,Ryan Tobler,LW,5
2991.0,Norman Milley,RW,5
2993.0,Doug O'Brien,D,5
2998.0,Junior Lessard,RW,5
2999.0,Dan Jancevski,D,5
3005.0,Janne Niskala,D,5
3006.0,Vladimir Mihalik,D,5
3007.0,Kevin Quick,D,5
3008.0,Geoff Kinrade,D,5
3009.0,Noah Welch,D,5
3011.0,Scott Jackson,D,5
3012.0,Mattias Ritola,C,5
3013.0,Johan Harju,LW,5
3017.0,Pierre-Cedric Labrie,LW,5
3018.0,Mike Angelidis,LW,5
3022.0,Dmitry Korobov,D,5
3023.0,Cody Kunyk,RW,5
3024.0,Luke Witkowski,D,5
3026.0,Joel Vermin,RW,5
3029.0,Tanner Richard,C,5
3037.0,Daniel Walcott,LW,5
3038.0,Ben Thomas,D,5
3042.0,Sean Day,D,5
3054.0,Waltteri Merela,C,5
3055.0,Jack Thompson,D,5
3058.0,Conor Geekie,C,5
3069.0,David Cooper,D,5
3070.0,Jeff Farkas,C,5
3075.0,Marc Moro,D,5
3077.0,Nathan Perrott,RW,5
3078.0,Pierre Hedin,D,5
3080.0,Jeremy Williams,RW,5
3082.0,Ben Ondrus,RW,5
3084.0,Erik Westrum,C,5
3085.0,Robbie Earl,LW,5
3086.0,Alex Foster,C,5
3087.0,Jonas Frogren,D,5
3088.0,Christian Hanson,C,5
3089.0,Phil Oreskovic,D,5
3090.0,Jaime Sifers,D,5
3092.0,Andre Deveaux,C,5
3094.0,Luca Caputi,LW,5
3096.0,Brayden Irwin,C,5
3098.0,Marcel Mueller,C,5
3099.0,Ryan Hamilton,LW,5
3100.0,Carter Ashton,RW,5
3101.0,Frazer McLaren,LW,5
3103.0,Jerry D'Amigo,RW,5
3104.0,David Broll,LW,5
3105.0,Petter Granberg,D,5
3106.0,Jamie Devane,LW,5
3107.0,Brandon Kozun,RW,5
3108.0,Stuart Percy,D,5
3109.0,Andrew MacWilliam,D,5
3110.0,Casey Bailey,RW,5
3111.0,TJ Brennan,D,5
3119.0,Viktor Loov,D,5
3120.0,Tobias Lindberg,RW,5
3127.0,Igor Ozhiganov,D,5
3130.0,Egor Korshkov,RW,5
3134.0,Scott Sabourin,RW,5
3137.0,Kristians Rubins,D,5
3138.0,Kirill Semyonov,C,5
3147.0,Marshall Rifai,D,5
3157.0,Michel Riesen,LW,5
3160.0,Jani Rita,LW,5
3163.0,Kari Haakana,D,5
3164.0,Mike Bishai,C,5
3165.0,Mikko Luoma,D,5
3166.0,Doug Lynch,D,5
3168.0,Dan Smith,D,5
3171.0,Alexei Mikhnov,LW,5
3172.0,Sebastien Bisaillon,D,5
3173.0,Bryan Young,D,5
3176.0,Steve MacIntyre,LW,5
3177.0,Ryan Stone,C,5
3179.0,Alex Plante,D,5
3180.0,Chris Minard,LW,5
3181.0,Johan Motin,D,5
3182.0,Charles Linglet,LW,5
3183.0,Dean Arsene,D,5
3185.0,Teemu Hartikainen,C,5
3189.0,Philippe Cornet,LW,5
3190.0,Colten Teubert,D,5
3191.0,Milan Kytnar,C,5
3192.0,Anton Belov,D,5
3193.0,Will Acton,C,5
3196.0,Andrew Miller,C,5
3198.0,David Musil,D,5
3199.0,Curtis Hamilton,LW,5
3200.0,Bogdan Yakimov,C,5
3204.0,Dillon Simpson,D,5
3205.0,Josh Currie,RW,5
3206.0,Joseph Gambardella,C,5
3209.0,Cooper Marody,C,5
3213.0,Joakim Nygard,LW,5
3214.0,Joel Persson,D,5
3215.0,Tyler Benson,LW,5
3219.0,Markus Niemelainen,D,5
3224.0,James Hamblin,LW,5
3227.0,Noah Philp,C,5
3230.0,Cam Dineen,D,5
3240.0,Yan Golubovsky,D,5
3242.0,Paul Brousseau,RW,5
3243.0,Rocky Thompson,D,5
3244.0,David Emma,C,5
3245.0,Peter Ratchuk,D,5
3246.0,Eric Beaudoin,LW,5
3248.0,Ryan Jardine,LW,5
3249.0,Kyle Rossiter,D,5
3250.0,David Morisset,RW,5
3251.0,Nick Smith,C,5
3253.0,Kamil Piros,RW,5
3254.0,Josh Olson,LW,5
3255.0,Grant McNeill,D,5
3256.0,Ty Jones,RW,5
3257.0,Rob Globke,RW,5
3258.0,Gregory Jacina,C,5
3259.0,Petr Taticek,C,5
3261.0,Janis Sprukts,C,5
3263.0,Martin Lojek,D,5
3264.0,David Brine,C,5
3265.0,Michal Repik,RW,5
3267.0,Bill Thomas,RW,5
3268.0,Scott Timmins,C,5
3271.0,Hugh Jessiman,RW,5
3272.0,Greg Rallo,C,5
3273.0,Eric Selleck,LW,5
3274.0,Michael Caruso,D,5
3275.0,Jonathan Rheault,RW,5
3278.0,Jonathan Racine,D,5
3283.0,John McFarland,LW,5
3284.0,Brent Regner,D,5
3285.0,Kyle Rau,C,5
3287.0,Shane Harper,RW,5
3288.0,Ian McCoshen,D,5
3289.0,Maxim Mamin,C,5
3290.0,Henrik Haapala,LW,5
3291.0,Curtis Valk,C,5
3292.0,Chase Balisy,C,5
3293.0,Bogdan Kiselevich,D,5
3294.0,Anthony Greco,RW,5
3295.0,Brady Keeper,D,5
3296.0,Aleksi Saarela,C,5
3298.0,Aleksi Heponiemi,C,5
3299.0,Matt Kiersted,D,5
3302.0,Chase Priskie,D,5
3304.0,Anton Levtchi,LW,5
3305.0,Casey Fitzgerald,D,5
3314.0,Roman Simicek,C,5
3315.0,Greg Crozier,LW,5
3321.0,Michal Sivek,C,5
3324.0,Shawn Heins,D,5
3325.0,Vladimir Vujtek,LW,5
3327.0,Ramzi Abid,LW,5
3328.0,Ross Lupaschuk,D,5
3330.0,Matt Hussey,C,5
3337.0,Jonathan Filewich,RW,5
3338.0,Dustin Jeffrey,LW,5
3340.0,Janne Pesonen,LW,5
3342.0,Carl Sneep,D,5
3343.0,Cal O'Reilly,C,5
3344.0,Adam Payerl,C,5
3345.0,Philip Samuelsson,D,5
3348.0,Dominik Uher,C,5
3350.0,Sergei Plotnikov,LW,5
3352.0,Juuso Riikola,D,5
3353.0,Adam Johnson,C,5
3355.0,Anthony Angello,C,5
3356.0,Thomas Di Pauli,C,5
3358.0,Kasper Bjorkqvist,RW,5
3365.0,John Ludvig,D,5
3366.0,Ryan Shea,D,5
3367.0,Jack St. Ivany,D,5
3368.0,Marc Johnstone,RW,5
3373.0,Owen Pickering,D,5
3374.0,Bokondji Imama,LW,5
3382.0,Sean Haggerty,LW,5
3383.0,Pavel Skrbek,D,5
3384.0,Andy Berenzweig,D,5
3385.0,Alexandre Boikov,D,5
3386.0,Yves Sarault,LW,5
3387.0,Robert Schnabel,D,5
3388.0,Brett Hauer,D,5
3389.0,David Gosselin,RW,5
3393.0,Libor Pivko,LW,5
3400.0,Andreas Thuresson,RW,5
3401.0,Peter Olvecky,LW,5
3402.0,Teemu Laakso,D,5
3404.0,Jonathon Blum,D,5
3405.0,Chris Mueller,C,5
3406.0,Linus Klasen,LW,5
3409.0,Ryan Thang,LW,5
3410.0,Daniel Bang,LW,5
3411.0,Kevin Henderson,LW,5
3412.0,Joonas Rask,C,5
3414.0,Simon Moser,C,5
3415.0,Mark Van Guilder,C,5
3419.0,Sean Malone,C,5
3420.0,Jeremy Davies,D,5
3426.0,Spencer Stastney,D,5
3432.0,Fedor Svechkov,C,5
3433.0,Zachary L'Heureux,LW,5
3439.0,Jake Lucchini,C,5
3445.0,Jeff Ulmer,RW,5
3453.0,Richard Scott,RW,5
3454.0,Barrett Heisten,LW,5
3455.0,Chad Wiseman,LW,5
3456.0,Cory Larose,C,5
3457.0,Layne Ulmer,C,5
3458.0,Ken Gernander,RW,5
3459.0,Benoit Dusablon,C,5
3460.0,Jason MacDonald,RW,5
3461.0,Bryce Lampman,D,5
3463.0,Jarkko Immonen,C,5
3464.0,Ivan Baranka,D,5
3467.0,Erik Reitz,D,5
3469.0,Ilkka Heikkinen,D,5
3473.0,Brodie Dupont,LW,5
3476.0,Conor Allen,D,5
3478.0,Ryan Bourque,C,5
3479.0,Chris Summers,D,5
3481.0,Matt Puempel,LW,5
3483.0,John Gilmour,D,5
3484.0,Ryan Sproul,D,5
3485.0,Daniel Catenacci,C,5
3487.0,Tim Gettinger,LW,5
3493.0,Tarmo Reunanen,D,5
3501.0,Brett Berard,LW,5
3517.0,Jesse Wallin,D,5
3523.0,Dmitri Bykov,D,5
3527.0,Ryan Barnes,LW,5
3530.0,Garrett Stafford,D,5
3534.0,Jan Mursak,LW,5
3540.0,Adam Almquist,D,5
3541.0,Mitch Callahan,RW,5
3542.0,Teemu Pulkkinen,LW,5
3544.0,Matt Lorito,RW,5
3545.0,Robbie Russo,D,5
3546.0,Joe Hicketts,D,5
3547.0,Dominic Turgeon,C,5
3550.0,Taro Hirose,LW,5
3552.0,Jake Chelios,D,5
3553.0,Libor Sulak,D,5
3554.0,Ryan Kuffner,LW,5
3555.0,Mathias Brome,LW,5
3559.0,Kyle Criscuolo,C,5
3560.0,Chase Pearson,C,5
3562.0,Elmer Soderblom,LW,5
3566.0,Albert Johansson,D,5
3567.0,Dominik Shine,RW,5
3577.0,Sean McMorrow,RW,5
3578.0,Jaroslav Kristek,RW,5
3579.0,Radoslav Hecl,D,5
3582.0,Michael Funk,D,5
3584.0,Mike Card,D,5
3585.0,Colin Stuart,LW,5
3587.0,Travis Turnbull,C,5
3588.0,Derek Whitmore,LW,5
3589.0,Casey Nelson,D,5
3590.0,Cole Schneider,LW,5
3591.0,Nick Baptiste,RW,5
3592.0,Erik Burgdoerfer,D,5
3593.0,Brady Austin,D,5
3594.0,Victor Antipin,D,5
3596.0,Lawrence Pilut,D,5
3598.0,Dalton Smith,LW,5
3601.0,Arttu Ruotsalainen,C,5
3603.0,Brett Murray,LW,5
3606.0,Ethan Prow,D,5
3607.0,Brandon Biro,LW,5
3613.0,Isak Rosen,RW,5
3622.0,Sean Gagnon,D,5
3625.0,Chris Bala,LW,5
3626.0,Toni Dahlman,RW,5
3627.0,Julien Vauclair,D,5
3629.0,Alexei Kaigorodov,C,5
3630.0,Danny Bois,RW,5
3631.0,Ilya Zubov,C,5
3632.0,Alexander Nikulin,C,5
3635.0,Ryan Keller,RW,5
3636.0,Stephane Da Costa,C,5
3637.0,Roman Wick,RW,5
3639.0,Andre Petersson,RW,5
3640.0,Dave Dziurzynski,LW,5
3641.0,Matt Kassian,LW,5
3643.0,Christopher DiDomenico,LW,5
3644.0,Filip Chlapik,C,5
3646.0,Ben Sexton,C,5
3647.0,Jack Rodewald,RW,5
3650.0,Max Veronneau,RW,5
3651.0,Vitaly Abramov,LW,5
3653.0,Jonathan Davidsson,RW,5
3654.0,J.C. Beaudin,C,5
3658.0,Olle Alsing,D,5
3665.0,Dillon Heatherington,D,5
3670.0,Rourke Chartier,C,5
3671.0,Angus Crookshank,LW,5
3672.0,Jiri Smejkal,LW,5
3685.0,Steve Bancroft,D,5
3687.0,Miroslav Zalesak,RW,5
3688.0,Ryan Kraft,C,5
3689.0,Jesse Fibiger,D,5
3690.0,Grant Stevenson,C,5
3694.0,Tom Cavanagh,RW,5
3695.0,Lukas Kaspar,LW,5
3697.0,Riley Armstrong,C,5
3698.0,Ryan Vesce,RW,5
3700.0,John McCarthy,C,5
3701.0,Mike Moore,D,5
3702.0,Nick Petrecki,D,5
3703.0,Eriah Hayes,RW,5
3705.0,Bryan Lerg,C,5
3708.0,Tim Heed,D,5
3709.0,Lukas Radil,C,5
3711.0,Antti Suomela,C,5
3714.0,Joel Kellman,C,5
3715.0,Maxim Letunov,C,5
3717.0,Joachim Blichfeld,RW,5
3719.0,Danil Yurtaykin,LW,5
3721.0,Fredrik Handemark,C,5
3724.0,Brinson Pasichnuk,D,5
3725.0,Jonathan Dahlen,C,5
3726.0,Jasper Weatherby,C,5
3727.0,Scott Reedy,C,5
3728.0,Ryan Merkley,D,5
3729.0,Thomas Bordeleau,C,5
3731.0,Jayden Halbgewachs,LW,5
3740.0,Collin Graf,RW,5
3741.0,Shakir Mukhamadullin,D,5
3742.0,Macklin Celebrini,C,5
3743.0,Will Smith,C,5
3752.0,Mark Wotton,D,5
3753.0,Steve Gainey,LW,5
3754.0,Greg Leeb,C,5
3759.0,Jeff MacMillan,D,5
3760.0,Gavin Morgan,C,5
3761.0,Vojtech Polak,LW,5
3765.0,Ivan Vishnevskiy,D,5
3766.0,Raymond Sawada,RW,5
3768.0,Perttu Lindgren,C,5
3769.0,Francis Wathier,LW,5
3770.0,Maxime Fortunus,D,5
3771.0,Travis Morin,C,5
3772.0,Scott Glennie,RW,5
3774.0,Brendan Ranford,LW,5
3779.0,Mark McNeill,C,5
3783.0,Joel L'Esperance,RW,5
3784.0,Ben Gleason,D,5
3785.0,Nick Caamano,RW,5
3789.0,Fredrik Karlstrom,C,5
3793.0,Oskar Bäck,C,5
3794.0,Lian Bichsel,D,5
3807.0,Maxim Sushinsky,RW,5
3810.0,Peter Bartos,LW,5
3811.0,Pavel Patera,LW,5
3816.0,Christian Matte,RW,5
3817.0,Mike Matteucci,D,5
3818.0,Brian Bonin,C,5
3820.0,Tony Virta,RW,5
3821.0,David Cullen,D,5
3822.0,Jean-Guy Trudel,LW,5
3823.0,Curtis Murphy,D,5
3824.0,Christoph Brandner,LW,5
3825.0,Matt Foy,RW,5
3827.0,Cody Almond,C,5
3828.0,Maxim Noreau,D,5
3829.0,Danny Irmen,C,5
3831.0,Carson McMillan,RW,5
3832.0,Drew Bagnall,D,5
3833.0,Brett Bulmer,RW,5
3834.0,Chad Rau,C,5
3835.0,David McIntyre,C,5
3836.0,Jarod Palmer,C,5
3837.0,Chay Genoway,D,5
3838.0,Tyler Cuma,D,5
3839.0,Kristopher Foucault,LW,5
3840.0,Kris Fredheim,D,5
3843.0,Michael Keranen,LW,5
3844.0,Christoph Bertschy,C,5
3846.0,Patrick Cannone,C,5
3847.0,Zack Mitchell,RW,5
3848.0,Brennan Menell,D,5
3851.0,Adam Beckman,LW,5
3852.0,Jon Lizotte,D,5
3857.0,Nick Swaney,RW,5
3871.0,Brad Tapper,RW,5
3873.0,Andrei Skopintsev,D,5
3874.0,Sergei Vyshedkevich,D,5
3877.0,Bryan Adams,LW,5
3879.0,Brad Ralph,LW,5
3881.0,Dan Snyder,C,5
3882.0,Tavis Hansen,RW,5
3883.0,Jason Jaspers,C,5
3884.0,Luke Sellars,D,5
3885.0,Kirill Safronov,D,5
3886.0,Frank Banham,RW,5
3887.0,Goran Bezina,D,5
3888.0,Mike Stutzel,LW,5
3890.0,Yanick Lehoux,C,5
3891.0,Jonas Johansson,RW,5
3892.0,Patrick Fischer,C,5
3893.0,Jordan Lavallee-Smotherman,LW,5
3894.0,Kevin Doell,C,5
3895.0,Pete Vandermeer,D,5
3898.0,Grant Lewis,D,5
3899.0,Scott Lehman,D,5
3900.0,Shaun Heshka,D,5
3901.0,Andrey Zubarev,D,5
3902.0,Matt Watkins,RW,5
3903.0,Andy Miele,C,5
3904.0,Justin Hodgman,C,5
3905.0,Daniil Tarasov,RW,5
3906.0,Brendan Shinnimin,C,5
3907.0,Tyler Gaudet,C,5
3908.0,Henrik Samuelsson,C,5
3909.0,Viktor Svedberg,D,5
3911.0,Trevor Murphy,D,5
3912.0,Victor Soderstrom,D,5
3914.0,Vladislav Kolyachonok,D,5
3916.0,Milos Kelemen,LW,5
3918.0,Nikolai Kovalenko,RW,5
3921.0,Patrik Koch,D,5
3926.0,Nate Clurman,D,5
3928.0,Jere Innala,LW,5
